MRUN,sexo,ESTADO_PRACTICA,AGNO_TITULACION,AGNO_ESCOLAR,COD_ENSE,COD_ESPE,RBD,nombre_rbd,comuna,NOMBRE_EMPRESA,COD_COM_EMPRESA,GLOSA_RUBRO,glosa_simple
152871,Mujer,1,2021,2020,410,41005,191,Liceo Alcalde Sergio González Gutiérrez,Pozo Almonte,CORPORACIÓN MUNICIPAL DE DESARROLLO SOCIAL DE POZO ALMONTE,1401,MUNICIPALIDADES,Administración
523983,Hombre,1,2021,2020,410,41005,191,Liceo Alcalde Sergio González Gutiérrez,Pozo Almonte,CORPORACIÓN MUNICIPAL DE DESARROLLO SOCIAL DE POZO ALMONTE,1401,MUNICIPALIDADES,Administración
1284346,Mujer,1,2021,2020,410,41005,191,Liceo Alcalde Sergio González Gutiérrez,Pozo Almonte,EMPRESA CLAUDIA ARAYA PEREZ DISTRIBUIDORA Y COMERCIALIZADORA CAE EIRL,1101,"VENTA AL POR MAYOR DE PRODUCTOS TEXTILES, PRENDAS DE VESTIR Y CALZADO",Administración
4153205,Mujer,1,2021,2020,410,41005,191,Liceo Alcalde Sergio González Gutiérrez,Pozo Almonte,CORPORACIÓN MUNICIPAL DE DESARROLLO SOCIAL DE POZO ALMONTE,1401,MUNICIPALIDADES,Administración
4368772,Hombre,1,2021,2021,410,41005,191,Liceo Alcalde Sergio González Gutiérrez,Pozo Almonte,SOC. COMERCIAL E INDUSTRIAL LOS ANDES LTDA.,1401,VENTA AL POR MAYOR DE OTROS ENSERES DOMÉSTICOS N.C.P.,Administración
4929422,Hombre,1,2021,2020,410,41005,191,Liceo Alcalde Sergio González Gutiérrez,Pozo Almonte,CORPORACIÓN MUNICIPAL DE DESARROLLO SOCIAL DE POZO ALMONTE,1401,MUNICIPALIDADES,Administración
5502885,Mujer,1,2021,2020,410,41005,191,Liceo Alcalde Sergio González Gutiérrez,Pozo Almonte,EMPRESA VALNICO,1401,"REPARACIÓN DE TANQUES, DEPÓSITOS Y RECIPIENTES DE METAL",Administración
5540233,Mujer,1,2021,2020,410,41005,191,Liceo Alcalde Sergio González Gutiérrez,Pozo Almonte,INSTITUTO DE DESARROLLO AGROPECUARIO  INDAP,1401,GOBIERNO CENTRAL,Administración
8417888,Mujer,1,2021,2020,410,41005,191,Liceo Alcalde Sergio González Gutiérrez,Pozo Almonte,ILUSTRE MUNICIPALIDAD DE POZO ALMONTE,1401,MUNICIPALIDADES,Administración
8802417,Hombre,1,2021,2020,410,41005,191,Liceo Alcalde Sergio González Gutiérrez,Pozo Almonte,CORPORACIÓN MUNICIPAL DE DESARROLLO SOCIAL DE POZO ALMONTE,1401,MUNICIPALIDADES,Administración
9402394,Mujer,1,2021,2020,410,41005,191,Liceo Alcalde Sergio González Gutiérrez,Pozo Almonte,MUNICIPALIDAD DE POZO ALMONTE,1401,MUNICIPALIDADES,Administración
9724780,Mujer,1,2021,2020,410,41005,191,Liceo Alcalde Sergio González Gutiérrez,Pozo Almonte,JJ ESPINOZA,1401,OTRAS ACTIVIDADES EMPRESARIALES N.C.P.,Administración
11320617,Mujer,1,2021,2020,410,41005,191,Liceo Alcalde Sergio González Gutiérrez,Pozo Almonte,MUNICIPALIDAD DE POZO ALMONTE,1401,MUNICIPALIDADES,Administración
12772484,Mujer,1,2021,2020,410,41005,191,Liceo Alcalde Sergio González Gutiérrez,Pozo Almonte,MUNICIPALIDAD DE POZO ALMONTE,1401,MUNICIPALIDADES,Administración
13312316,Mujer,1,2021,2020,410,41005,191,Liceo Alcalde Sergio González Gutiérrez,Pozo Almonte,MUNICIPALIDAD DE POZO ALMONTE,1401,MUNICIPALIDADES,Administración
13384432,Mujer,1,2021,2020,410,41005,191,Liceo Alcalde Sergio González Gutiérrez,Pozo Almonte,CORPORACIÓN MUNICIPAL DE DESARROLLO SOCIAL DE POZO ALMONTE,1401,MUNICIPALIDADES,Administración
13680669,Mujer,1,2021,2020,410,41005,191,Liceo Alcalde Sergio González Gutiérrez,Pozo Almonte,MUNICIPALIDAD DE POZO ALMONTE,1401,MUNICIPALIDADES,Administración
14413671,Hombre,1,2021,2020,410,41005,191,Liceo Alcalde Sergio González Gutiérrez,Pozo Almonte,CORPORACIÓN MUNICIPAL DE DESARROLLO SOCIAL DE POZO ALMONTE,1401,MUNICIPALIDADES,Administración
15258890,Hombre,1,2021,2021,410,41005,191,Liceo Alcalde Sergio González Gutiérrez,Pozo Almonte,MUNICIPALIDAD DE POZO ALMONTE,1401,MUNICIPALIDADES,Administración
15568203,Hombre,1,2021,2020,410,41005,191,Liceo Alcalde Sergio González Gutiérrez,Pozo Almonte,CORPORACIÓN MUNICIPAL DE DESARROLLO SOCIAL DE POZO ALMONTE,1401,MUNICIPALIDADES,Administración
16562104,Mujer,1,2021,2020,410,41005,191,Liceo Alcalde Sergio González Gutiérrez,Pozo Almonte,CORPORACIÓN MUNICIPAL DE DESARROLLO SOCIAL DE POZO ALMONTE,1401,MUNICIPALIDADES,Administración
17067710,Hombre,1,2021,2020,410,41005,191,Liceo Alcalde Sergio González Gutiérrez,Pozo Almonte,TRANSPORTES IZAUSPE,1401,TRANSPORTE DE CARGA POR CARRETERA,Administración
18097445,Hombre,1,2021,2020,410,41005,191,Liceo Alcalde Sergio González Gutiérrez,Pozo Almonte,INGENIERÍA Y MONTAJE FERROVIAL,1401,TRANSPORTE DE CARGA POR CARRETERA,Administración
20526275,Mujer,1,2021,2020,410,41005,191,Liceo Alcalde Sergio González Gutiérrez,Pozo Almonte,TRANSPORTES IZAUSPE,1401,TRANSPORTE DE CARGA POR CARRETERA,Administración
20592619,Mujer,1,2021,2020,410,41005,191,Liceo Alcalde Sergio González Gutiérrez,Pozo Almonte,EMPRESA DE TRANSPORTE NELLY CASTRO MAMANI,1401,TRANSPORTE DE CARGA POR CARRETERA,Administración
20914488,Mujer,1,2021,2020,410,41005,191,Liceo Alcalde Sergio González Gutiérrez,Pozo Almonte,TRANSPORTES IZAUSPE,1401,TRANSPORTE DE CARGA POR CARRETERA,Administración
21541534,Mujer,1,2021,2020,410,41005,191,Liceo Alcalde Sergio González Gutiérrez,Pozo Almonte,ILUSTRE MUNICIPALIDAD DE POZO ALMONTE,1401,MUNICIPALIDADES,Administración
21816675,Mujer,1,2021,2020,410,41005,191,Liceo Alcalde Sergio González Gutiérrez,Pozo Almonte,SERVICENTRO PETROBRAS NELSON GAETE GANORA,1401,VENTA AL POR MENOR DE COMBUSTIBLE PARA AUTOMOTORES,Administración
22164187,Mujer,1,2021,2020,410,41005,191,Liceo Alcalde Sergio González Gutiérrez,Pozo Almonte,MUNICIPALIDAD DE POZO ALMONTE,1401,MUNICIPALIDADES,Administración
22278613,Hombre,1,2021,2020,410,41005,191,Liceo Alcalde Sergio González Gutiérrez,Pozo Almonte,CORPORACIÓN MUNICIPAL DE DESARROLLO SOCIAL DE POZO ALMONTE,1401,MUNICIPALIDADES,Administración
22608826,Mujer,1,2021,2020,410,41005,191,Liceo Alcalde Sergio González Gutiérrez,Pozo Almonte,CORPORACIÓN MUNICIPAL DE DESARROLLO SOCIAL DE POZO ALMONTE,1401,MUNICIPALIDADES,Administración
23424809,Mujer,1,2021,2020,410,41005,191,Liceo Alcalde Sergio González Gutiérrez,Pozo Almonte,MINETEC  S.A.,1401,FABRICACIÓN DE OTROS PRODUCTOS MINERALES NO METÁLICOS N.C.P,Administración
23603780,Hombre,1,2021,2020,410,41005,191,Liceo Alcalde Sergio González Gutiérrez,Pozo Almonte,MUNICIPALIDAD DE POZO ALMONTE,1401,MUNICIPALIDADES,Administración
23895896,Mujer,1,2021,2020,410,41005,191,Liceo Alcalde Sergio González Gutiérrez,Pozo Almonte,NANCY ECHEVERRIA M. DISTRIBUIDORA Y ARRIENDO DE MAQUINAS,1401,VENTA AL POR MENOR DE BEBIDAS Y LICORES (BOTILLERÍAS),Administración
25133937,Mujer,1,2021,2020,410,41005,191,Liceo Alcalde Sergio González Gutiérrez,Pozo Almonte,MUNICIPALIDAD DE POZO ALMONTE,1401,MUNICIPALIDADES,Administración
25475092,Hombre,1,2021,2020,410,41005,191,Liceo Alcalde Sergio González Gutiérrez,Pozo Almonte,CORPORACIÓN MUNICIPAL DE DESARROLLO SOCIAL DE POZO ALMONTE,1401,MUNICIPALIDADES,Administración
25837608,Hombre,1,2021,2020,410,41005,191,Liceo Alcalde Sergio González Gutiérrez,Pozo Almonte,CORPORACION MUNICIPAL DE DESARROLLO SOCIAL POZO ALMONTE,1401,MUNICIPALIDADES,Administración
25976424,Mujer,2,2021,2020,410,41005,191,Liceo Alcalde Sergio González Gutiérrez,Pozo Almonte,MUNICIPALIDAD DE POZO ALMONTE,1401,MUNICIPALIDADES,Administración
25976424,Mujer,2,2021,2020,410,41005,191,Liceo Alcalde Sergio González Gutiérrez,Pozo Almonte,MUNICIPALIDAD DE POZO ALMONTE,1401,MUNICIPALIDADES,Administración
26244217,Mujer,1,2021,2020,410,41005,191,Liceo Alcalde Sergio González Gutiérrez,Pozo Almonte,CORPORACIÓN MUNICIPAL DE DESARROLLO SOCIAL DE POZO ALMONTE,1401,MUNICIPALIDADES,Administración
911642,Mujer,1,2021,2020,610,64008,12534,Liceo Colegio Metodista Robert Johnson,Alto Hospicio,CLINICA TARAPACÁ,1101,HOSPITALES Y CLÍNICAS,Atención de Enfermería
2082506,Mujer,1,2021,2020,610,64008,12534,Liceo Colegio Metodista Robert Johnson,Alto Hospicio,CESFAM PEDRO PULGAR,1107,ESTABLECIMIENTOS MÉDICOS DE ATENCIÓN AMBULATORIA (CENTROS MÉDICOS),Atención de Enfermería
2516156,Mujer,1,2021,2020,610,64008,12534,Liceo Colegio Metodista Robert Johnson,Alto Hospicio,CLINICA TARAPACÁ,1101,HOSPITALES Y CLÍNICAS,Atención de Enfermería
2566859,Mujer,1,2021,2020,610,64008,12534,Liceo Colegio Metodista Robert Johnson,Alto Hospicio,CLIBICA TARAPACÁ,1101,HOSPITALES Y CLÍNICAS,Atención de Enfermería
3032417,Mujer,1,2021,2020,610,64008,12534,Liceo Colegio Metodista Robert Johnson,Alto Hospicio,CESFAM PEDRO PULGAR,1107,ESTABLECIMIENTOS MÉDICOS DE ATENCIÓN AMBULATORIA (CENTROS MÉDICOS),Atención de Enfermería
3129092,Mujer,1,2021,2020,610,64008,12534,Liceo Colegio Metodista Robert Johnson,Alto Hospicio,CLINICA TARAPACÁ,1101,HOSPITALES Y CLÍNICAS,Atención de Enfermería
3461362,Mujer,1,2021,2020,610,64008,12534,Liceo Colegio Metodista Robert Johnson,Alto Hospicio,CESFAM POZO ALMONTE,1401,ESTABLECIMIENTOS MÉDICOS DE ATENCIÓN AMBULATORIA (CENTROS MÉDICOS),Atención de Enfermería
4058061,Hombre,1,2021,2020,610,64008,12534,Liceo Colegio Metodista Robert Johnson,Alto Hospicio,DIÁLISIS ALTO HOSPICIO,1107,ESTABLECIMIENTOS MÉDICOS DE ATENCIÓN AMBULATORIA (CENTROS MÉDICOS),Atención de Enfermería
4427799,Mujer,1,2021,2020,610,64008,12534,Liceo Colegio Metodista Robert Johnson,Alto Hospicio,CLINICA TARAPACÁ,1101,HOSPITALES Y CLÍNICAS,Atención de Enfermería
4675053,Mujer,1,2021,2020,610,64008,12534,Liceo Colegio Metodista Robert Johnson,Alto Hospicio,CESFAM POZO ALMONTE,1107,ESTABLECIMIENTOS MÉDICOS DE ATENCIÓN AMBULATORIA (CENTROS MÉDICOS),Atención de Enfermería
5653724,Mujer,1,2021,2020,610,64008,12534,Liceo Colegio Metodista Robert Johnson,Alto Hospicio,DIÁLISIS ALTO HOSPICIO,1107,ESTABLECIMIENTOS MÉDICOS DE ATENCIÓN AMBULATORIA (CENTROS MÉDICOS),Atención de Enfermería
5802268,Mujer,1,2021,2020,610,64008,12534,Liceo Colegio Metodista Robert Johnson,Alto Hospicio,CLINICA TARAPACÁ,1101,HOSPITALES Y CLÍNICAS,Atención de Enfermería
5964820,Mujer,1,2021,2020,610,64008,12534,Liceo Colegio Metodista Robert Johnson,Alto Hospicio,CLINICA TARAPACÁ,1101,HOSPITALES Y CLÍNICAS,Atención de Enfermería
8068735,Mujer,1,2021,2020,610,64008,12534,Liceo Colegio Metodista Robert Johnson,Alto Hospicio,CLINICA TARAPACÁ,1401,ESTABLECIMIENTOS MÉDICOS DE ATENCIÓN AMBULATORIA (CENTROS MÉDICOS),Atención de Enfermería
10106705,Mujer,1,2021,2020,610,64008,12534,Liceo Colegio Metodista Robert Johnson,Alto Hospicio,CLINICA TARAPACÁ,1107,HOSPITALES Y CLÍNICAS,Atención de Enfermería
10326475,Mujer,1,2021,2020,610,64008,12534,Liceo Colegio Metodista Robert Johnson,Alto Hospicio,CLIBICA TARAPACÁ,1101,HOSPITALES Y CLÍNICAS,Atención de Enfermería
10407512,Hombre,1,2021,2020,610,64008,12534,Liceo Colegio Metodista Robert Johnson,Alto Hospicio,DIÁLISIS ALTO HOSPICIO,1107,ESTABLECIMIENTOS MÉDICOS DE ATENCIÓN AMBULATORIA (CENTROS MÉDICOS),Atención de Enfermería
10599089,Mujer,1,2021,2020,610,64008,12534,Liceo Colegio Metodista Robert Johnson,Alto Hospicio,CESFAM PEDRO PULGAR,1107,ESTABLECIMIENTOS MÉDICOS DE ATENCIÓN AMBULATORIA (CENTROS MÉDICOS),Atención de Enfermería
11783816,Hombre,1,2021,2020,610,64008,12534,Liceo Colegio Metodista Robert Johnson,Alto Hospicio,CESFAM PEDRO PULGAR,1107,ESTABLECIMIENTOS MÉDICOS DE ATENCIÓN AMBULATORIA (CENTROS MÉDICOS),Atención de Enfermería
12159105,Mujer,1,2021,2020,610,64008,12534,Liceo Colegio Metodista Robert Johnson,Alto Hospicio,CORMUDESPA,1401,SERVICIOS DE ODONTÓLOGOS EN FORMA INDEPENDIENTE,Atención de Enfermería
13199893,Hombre,1,2021,2020,610,64008,12534,Liceo Colegio Metodista Robert Johnson,Alto Hospicio,DIÁLISIS ALTO HOSPICIO,1107,ESTABLECIMIENTOS MÉDICOS DE ATENCIÓN AMBULATORIA (CENTROS MÉDICOS),Atención de Enfermería
13557284,Mujer,1,2021,2020,610,64008,12534,Liceo Colegio Metodista Robert Johnson,Alto Hospicio,CLINICA TARAPACÁ,1107,HOSPITALES Y CLÍNICAS,Atención de Enfermería
13914466,Mujer,1,2021,2020,610,64008,12534,Liceo Colegio Metodista Robert Johnson,Alto Hospicio,CLINICA TARAPACÁ,1101,HOSPITALES Y CLÍNICAS,Atención de Enfermería
14444209,Hombre,1,2021,2020,610,64008,12534,Liceo Colegio Metodista Robert Johnson,Alto Hospicio,CLINICA TARAPACÁ,1101,HOSPITALES Y CLÍNICAS,Atención de Enfermería
18508363,Mujer,1,2021,2020,610,64008,12534,Liceo Colegio Metodista Robert Johnson,Alto Hospicio,DIÁLISIS ALTO HOSPICIO,1107,ESTABLECIMIENTOS MÉDICOS DE ATENCIÓN AMBULATORIA (CENTROS MÉDICOS),Atención de Enfermería
19140744,Mujer,1,2021,2020,610,64008,12534,Liceo Colegio Metodista Robert Johnson,Alto Hospicio,CLIBICA TARAPACÁ,1107,HOSPITALES Y CLÍNICAS,Atención de Enfermería
20114695,Hombre,1,2021,2020,610,64008,12534,Liceo Colegio Metodista Robert Johnson,Alto Hospicio,CLINICA TARAPACÁ,1101,HOSPITALES Y CLÍNICAS,Atención de Enfermería
21170156,Hombre,1,2021,2020,610,64008,12534,Liceo Colegio Metodista Robert Johnson,Alto Hospicio,DIÁLISIS ALTO HOSPICIO,1107,ESTABLECIMIENTOS MÉDICOS DE ATENCIÓN AMBULATORIA (CENTROS MÉDICOS),Atención de Enfermería
21207576,Mujer,1,2021,2020,610,64008,12534,Liceo Colegio Metodista Robert Johnson,Alto Hospicio,CESFAM POZO ALMONTE,1401,ESTABLECIMIENTOS MÉDICOS DE ATENCIÓN AMBULATORIA (CENTROS MÉDICOS),Atención de Enfermería
23054627,Hombre,1,2021,2020,610,64008,12534,Liceo Colegio Metodista Robert Johnson,Alto Hospicio,CESFAM PEDRO PULGAR,1107,ESTABLECIMIENTOS MÉDICOS DE ATENCIÓN AMBULATORIA (CENTROS MÉDICOS),Atención de Enfermería
23720324,Mujer,1,2021,2020,610,64008,12534,Liceo Colegio Metodista Robert Johnson,Alto Hospicio,CLINICA TARAPACÁ,1101,HOSPITALES Y CLÍNICAS,Atención de Enfermería
24692551,Mujer,1,2021,2020,610,64008,12534,Liceo Colegio Metodista Robert Johnson,Alto Hospicio,CESFAM PEDRO PULGAR,1107,ESTABLECIMIENTOS MÉDICOS DE ATENCIÓN AMBULATORIA (CENTROS MÉDICOS),Atención de Enfermería
25134360,Mujer,1,2021,2020,610,64008,12534,Liceo Colegio Metodista Robert Johnson,Alto Hospicio,CORMUDESPA,1401,ESTABLECIMIENTOS MÉDICOS DE ATENCIÓN AMBULATORIA (CENTROS MÉDICOS),Atención de Enfermería
5856756,Hombre,1,2021,2020,410,41005,12602,Escuela Básica y Parvularia Kronos School,Alto Hospicio,ENER CLIMA SPA,1101,FABRICACIÓN DE ARTÍCULOS DE OTRAS INDUSTRIAS N.C.P.,Administración
9393376,Mujer,1,2021,2020,410,41005,12602,Escuela Básica y Parvularia Kronos School,Alto Hospicio,ATACAMA FUELS LTDA,1101,VENTA AL POR MENOR DE COMBUSTIBLE PARA AUTOMOTORES,Administración
14691892,Mujer,1,2021,2020,410,41005,12602,Escuela Básica y Parvularia Kronos School,Alto Hospicio,JORGE ANDRADE SAC,1107,VENTA AL POR MAYOR DE OTROS PRODUCTOS N.C.P.,Administración
14928073,Hombre,1,2021,2020,410,41005,12602,Escuela Básica y Parvularia Kronos School,Alto Hospicio,TRANSPORTES CVU LTDA,1101,SERVICIOS DE TRANSPORTE DE TRABAJADORES,Administración
17524520,Mujer,1,2021,2020,410,41005,12602,Escuela Básica y Parvularia Kronos School,Alto Hospicio,FUND. ED. KRONOS DE ALTO HOSPICIO,1107,ESTABLECIMIENTOS DE ENSEÑANZA SECUNDARIA DE FORMACIÓN TÉCNICA Y PROFESIONAL,Administración
19498378,Mujer,1,2021,2020,410,41005,12602,Escuela Básica y Parvularia Kronos School,Alto Hospicio,JORGE ANDRADE SAC,1107,VENTA AL POR MAYOR DE OTROS PRODUCTOS N.C.P.,Administración
24779995,Hombre,1,2021,2020,410,41005,12602,Escuela Básica y Parvularia Kronos School,Alto Hospicio,ALTO SALUD SPA,1107,OTRAS ACTIVIDADES DE SERVICIOS PERSONALES N.C.P.,Administración
25709923,Hombre,1,2021,2020,410,41005,12602,Escuela Básica y Parvularia Kronos School,Alto Hospicio,TRASNPORTES ISAVER LTDA,1107,SERVICIOS DE TRANSPORTE DE TRABAJADORES,Administración
2962254,Mujer,1,2022,2021,410,41005,161,Liceo de Huara,Huara,MUNICIPALIDAD DE HUARA,1404,MUNICIPALIDADES,Administración
3670330,Mujer,1,2022,2021,410,41005,161,Liceo de Huara,Huara,MUNICIPALIDAD DE HUARA,1404,MUNICIPALIDADES,Administración
7120485,Mujer,1,2022,2021,410,41005,161,Liceo de Huara,Huara,MUNICIPALIDAD DE HUARA,1404,MUNICIPALIDADES,Administración
15669262,Mujer,1,2022,2021,410,41005,161,Liceo de Huara,Huara,MUNICIPALIDAD DE HUARA,1404,MUNICIPALIDADES,Administración
21063988,Mujer,1,2022,2021,410,41005,161,Liceo de Huara,Huara,MUNICIPALIDAD DE HUARA,1404,MUNICIPALIDADES,Administración
22305540,Hombre,1,2022,2021,410,41005,161,Liceo de Huara,Huara,MUNICIPALIDAD DE HUARA,1404,MUNICIPALIDADES,Administración
22841662,Hombre,1,2022,2021,410,41005,161,Liceo de Huara,Huara,MUNICIPALIDAD DE HUARA,1404,MUNICIPALIDADES,Administración
24682867,Mujer,1,2022,2021,410,41005,161,Liceo de Huara,Huara,MUNICIPALIDAD DE HUARA,1404,MUNICIPALIDADES,Administración
141949,Hombre,1,2022,2021,410,41005,191,Liceo Alcalde Sergio González Gutiérrez,Pozo Almonte,MUNICIPALIDAD DE POZO ALMONTE,1401,MUNICIPALIDADES,Administración
1016218,Mujer,1,2022,2021,410,41005,191,Liceo Alcalde Sergio González Gutiérrez,Pozo Almonte,SERVICIOS INTEGRALES INCOMAQ SPA,1401,OTRAS ACTIVIDADES EMPRESARIALES N.C.P.,Administración
1181619,Hombre,1,2022,2021,410,41005,191,Liceo Alcalde Sergio González Gutiérrez,Pozo Almonte,SQM,1401,EXTRACCIÓN DE NITRATOS Y YODO,Administración
1857823,Hombre,1,2022,2021,410,41005,191,Liceo Alcalde Sergio González Gutiérrez,Pozo Almonte,MUNICIPALIDAD DE POZO ALMONTE,1401,MUNICIPALIDADES,Administración
2520549,Mujer,1,2022,2021,410,41005,191,Liceo Alcalde Sergio González Gutiérrez,Pozo Almonte,MUNICIPALIDAD DE POZO ALMONTE,1401,MUNICIPALIDADES,Administración
2819205,Hombre,1,2022,2021,410,41005,191,Liceo Alcalde Sergio González Gutiérrez,Pozo Almonte,INGENIERIA Y MONTAJE FERROVIAL S.A.,1401,OTRAS ACTIVIDADES EMPRESARIALES N.C.P.,Administración
3010631,Hombre,1,2022,2021,410,41005,191,Liceo Alcalde Sergio González Gutiérrez,Pozo Almonte,EMPRESA SQM S.A.,1401,FABRICACIÓN DE OTROS PRODUCTOS MINERALES NO METÁLICOS N.C.P,Administración
3341200,Hombre,1,2022,2021,410,41005,191,Liceo Alcalde Sergio González Gutiérrez,Pozo Almonte,TRASPORTES ILZAUSPE LTDA.,1401,TRANSPORTE DE CARGA POR CARRETERA,Administración
3717384,Mujer,1,2022,2021,410,41005,191,Liceo Alcalde Sergio González Gutiérrez,Pozo Almonte,CORPORACIÓN MUNICIPAL DE DESARROLLO SOCIAL DE POZO ALMONTE,1401,MUNICIPALIDADES,Administración
4385006,Mujer,1,2022,2021,410,41005,191,Liceo Alcalde Sergio González Gutiérrez,Pozo Almonte,CESFAM POZO ALMONTE,1401,MUNICIPALIDADES,Administración
4652365,Hombre,1,2022,2021,410,41005,191,Liceo Alcalde Sergio González Gutiérrez,Pozo Almonte,MUNICIPALIDAD DE POZO ALMONTE,1401,MUNICIPALIDADES,Administración
4761232,Mujer,1,2022,2021,410,41005,191,Liceo Alcalde Sergio González Gutiérrez,Pozo Almonte,MUNICIPALIDAD DE POZO ALMONTE,1401,MUNICIPALIDADES,Administración
5620320,Mujer,1,2022,2021,410,41005,191,Liceo Alcalde Sergio González Gutiérrez,Pozo Almonte,SOCIEDAD DE TRANSPORTES ILZAUSPE LTDA.,1401,TRANSPORTE DE CARGA POR CARRETERA,Administración
5622373,Mujer,1,2022,2021,410,41005,191,Liceo Alcalde Sergio González Gutiérrez,Pozo Almonte,SQM INDUSTRIAL S.A.,1401,EXTRACCIÓN DE NITRATOS Y YODO,Administración
6004703,Mujer,1,2022,2021,410,41005,191,Liceo Alcalde Sergio González Gutiérrez,Pozo Almonte,EMPRESA DE MANTENCIÓN EMYC LTDA.,1401,MANTENIMIENTO Y REPARACIÓN DE VEHÍCULOS AUTOMOTORES,Administración
6634711,Mujer,1,2022,2021,410,41005,191,Liceo Alcalde Sergio González Gutiérrez,Pozo Almonte,CORPORACIÓN MUNICIPAL DE DESARROLLO SOCIAL DE POZO ALMONTE,1401,MUNICIPALIDADES,Administración
7077089,Hombre,1,2022,2021,410,41005,191,Liceo Alcalde Sergio González Gutiérrez,Pozo Almonte,CESFAM POZO ALMONTE,1401,MUNICIPALIDADES,Administración
7854022,Hombre,1,2022,2021,410,41005,191,Liceo Alcalde Sergio González Gutiérrez,Pozo Almonte,SQM NUEVA VICTORIA,1401,EXTRACCIÓN DE NITRATOS Y YODO,Administración
7992948,Hombre,1,2022,2021,410,41005,191,Liceo Alcalde Sergio González Gutiérrez,Pozo Almonte,EMPRESA SQM S.A.,1401,EXTRACCIÓN DE NITRATOS Y YODO,Administración
8636366,Mujer,1,2022,2021,410,41005,191,Liceo Alcalde Sergio González Gutiérrez,Pozo Almonte,EMPRESA SQM,1401,EXTRACCIÓN DE NITRATOS Y YODO,Administración
9320541,Mujer,1,2022,2021,410,41005,191,Liceo Alcalde Sergio González Gutiérrez,Pozo Almonte,EMPRESA TRANSPORTES LGO,1401,TRANSPORTE DE CARGA POR CARRETERA,Administración
10800028,Hombre,1,2022,2021,410,41005,191,Liceo Alcalde Sergio González Gutiérrez,Pozo Almonte,ILUSTRE MUNICIPALIDAD DE POZO ALMONTE,1401,MUNICIPALIDADES,Administración
11564681,Mujer,1,2022,2021,410,41005,191,Liceo Alcalde Sergio González Gutiérrez,Pozo Almonte,EMPRESA SQM S.A.,1401,FABRICACIÓN DE OTROS PRODUCTOS MINERALES NO METÁLICOS N.C.P,Administración
12025067,Mujer,1,2022,2021,410,41005,191,Liceo Alcalde Sergio González Gutiérrez,Pozo Almonte,EMPRESA SQM S.A.,1401,EXTRACCIÓN DE NITRATOS Y YODO,Administración
12557912,Mujer,1,2022,2021,410,41005,191,Liceo Alcalde Sergio González Gutiérrez,Pozo Almonte,MUNICIPALIDAD DE POZO ALMONTE,1401,MUNICIPALIDADES,Administración
13305841,Mujer,1,2022,2021,410,41005,191,Liceo Alcalde Sergio González Gutiérrez,Pozo Almonte,ILUSTRE MUNICIPALIDAD DE POZO ALMONTE,1401,MUNICIPALIDADES,Administración
14138154,Mujer,1,2022,2021,410,41005,191,Liceo Alcalde Sergio González Gutiérrez,Pozo Almonte,FISCALIA LOCAL DEL TAMARUGAL,1401,ACTIVIDADES DEL PODER JUDICIAL,Administración
14159875,Mujer,1,2022,2021,410,41005,191,Liceo Alcalde Sergio González Gutiérrez,Pozo Almonte,EMPRESA TAD SPA,1401,TRANSPORTE DE CARGA POR CARRETERA,Administración
15440321,Mujer,1,2022,2021,410,41005,191,Liceo Alcalde Sergio González Gutiérrez,Pozo Almonte,CORPORACIÓN MUNICIPAL DE DESARROLLO SOCIAL DE POZO ALMONTE,1401,MUNICIPALIDADES,Administración
17785978,Mujer,1,2022,2020,410,41005,191,Liceo Alcalde Sergio González Gutiérrez,Pozo Almonte,EMPRESA FAMAE,1401,FABRICACIÓN DE PRODUCTOS METÁLICOS DE USO ESTRUCTURAL,Administración
18033800,Hombre,1,2022,2021,410,41005,191,Liceo Alcalde Sergio González Gutiérrez,Pozo Almonte,CORPORACIÓN MUNICIPAL DE DESARROLLO SOCIAL DE POZO ALMONTE,1401,MUNICIPALIDADES,Administración
18195767,Mujer,1,2022,2021,410,41005,191,Liceo Alcalde Sergio González Gutiérrez,Pozo Almonte,MUNICIPALIDAD DE POZO ALMONTE,1401,MUNICIPALIDADES,Administración
18558460,Hombre,1,2022,2021,410,41005,191,Liceo Alcalde Sergio González Gutiérrez,Pozo Almonte,CORPORACIÓN MUNICIPAL DE DESARROLLO SOCIAL DE POZO ALMONTE,1401,MUNICIPALIDADES,Administración
18601588,Mujer,1,2022,2021,410,41005,191,Liceo Alcalde Sergio González Gutiérrez,Pozo Almonte,ILUSTRE MUNICIPALIDAD DE POZO ALMONTE,1401,MUNICIPALIDADES,Administración
18740272,Hombre,1,2022,2021,410,41005,191,Liceo Alcalde Sergio González Gutiérrez,Pozo Almonte,SERVICIOS INTEGRALES INCOMAQ  SPA,1401,OTRAS ACTIVIDADES EMPRESARIALES N.C.P.,Administración
18793231,Mujer,1,2022,2021,410,41005,191,Liceo Alcalde Sergio González Gutiérrez,Pozo Almonte,TRASPORTES ILZAUSPE LTDA.,1401,TRANSPORTE DE CARGA POR CARRETERA,Administración
19453383,Mujer,1,2022,2021,410,41005,191,Liceo Alcalde Sergio González Gutiérrez,Pozo Almonte,ILUSTRE MUNICIPALIDAD DE POZO ALMONTE,1401,MUNICIPALIDADES,Administración
19935785,Hombre,1,2022,2021,410,41005,191,Liceo Alcalde Sergio González Gutiérrez,Pozo Almonte,CORPORACIÓN MUNICIPAL DE DESARROLLO SOCIAL DE POZO ALMONTE,1401,MUNICIPALIDADES,Administración
20254207,Mujer,1,2022,2021,410,41005,191,Liceo Alcalde Sergio González Gutiérrez,Pozo Almonte,TRANSPORTES SANTA ANGELA,1405,TRANSPORTE INTERURBANO DE PASAJEROS VÍA AUTOBUS,Administración
21618845,Hombre,1,2022,2021,410,41005,191,Liceo Alcalde Sergio González Gutiérrez,Pozo Almonte,SQM INDUSTRIAL,1401,EXTRACCIÓN DE NITRATOS Y YODO,Administración
21680599,Mujer,1,2022,2021,410,41005,191,Liceo Alcalde Sergio González Gutiérrez,Pozo Almonte,CORPORACIÓN MUNICIPAL DE DESARROLLO SOCIAL DE POZO ALMONTE,1401,MUNICIPALIDADES,Administración
22878828,Hombre,1,2022,2021,410,41005,191,Liceo Alcalde Sergio González Gutiérrez,Pozo Almonte,MUNICIPALIDAD DE POZO ALMONTE,1401,MUNICIPALIDADES,Administración
24441857,Hombre,1,2022,2021,410,41005,191,Liceo Alcalde Sergio González Gutiérrez,Pozo Almonte,CESFAM POZO ALMONTE,1401,MUNICIPALIDADES,Administración
24673830,Hombre,1,2022,2021,410,41005,191,Liceo Alcalde Sergio González Gutiérrez,Pozo Almonte,KOMATSU CUMMINS CHILE LTDA.,1107,OTRAS ACTIVIDADES EMPRESARIALES N.C.P.,Administración
24711517,Mujer,1,2022,2021,410,41005,191,Liceo Alcalde Sergio González Gutiérrez,Pozo Almonte,EMPRESA SERVICIOS INTEGRALES INCOMAQ SPA,1401,ALQUILER DE EQUIPO DE CONSTRUCCIÓN O DEMOLICIÓN DOTADO DE OPERARIOS,Administración
25857870,Hombre,1,2022,2021,410,41005,191,Liceo Alcalde Sergio González Gutiérrez,Pozo Almonte,MF CONSULTORES SERVICIOS INTEGRALES,1401,OTRAS ACTIVIDADES EMPRESARIALES N.C.P.,Administración
25976424,Mujer,1,2022,2020,410,41005,191,Liceo Alcalde Sergio González Gutiérrez,Pozo Almonte,MUNICIPALIDAD DE POZO ALMONTE,1401,MUNICIPALIDADES,Administración
26290554,Mujer,1,2022,2021,410,41005,191,Liceo Alcalde Sergio González Gutiérrez,Pozo Almonte,DELEGACION MUNICIPAL LA TIRANA IMPA,1401,MUNICIPALIDADES,Administración
26528795,Mujer,1,2022,2021,410,41005,191,Liceo Alcalde Sergio González Gutiérrez,Pozo Almonte,EMPRESA TAMBO LIMITADA,1401,MANTENIMIENTO Y REPARACIÓN DE VEHÍCULOS AUTOMOTORES,Administración
1918418,Mujer,1,2022,2020,610,64008,12534,Liceo Colegio Metodista Robert Johnson,Alto Hospicio,CESFAM HÉCTOR REYNO,1107,ESTABLECIMIENTOS MÉDICOS DE ATENCIÓN AMBULATORIA (CENTROS MÉDICOS),Atención de Enfermería
4173947,Mujer,1,2022,2021,610,64008,12534,Liceo Colegio Metodista Robert Johnson,Alto Hospicio,CLÍNICA TARAPAÁ,1101,HOSPITALES Y CLÍNICAS,Atención de Enfermería
4662965,Hombre,1,2022,2021,610,64008,12534,Liceo Colegio Metodista Robert Johnson,Alto Hospicio,CLÍNICA TARAPACÁ,1101,HOSPITALES Y CLÍNICAS,Atención de Enfermería
7250929,Mujer,1,2022,2021,610,64008,12534,Liceo Colegio Metodista Robert Johnson,Alto Hospicio,CESFAM PEDRO PULGAR,1107,ESTABLECIMIENTOS MÉDICOS DE ATENCIÓN AMBULATORIA (CENTROS MÉDICOS),Atención de Enfermería
7606875,Hombre,1,2022,2021,610,64008,12534,Liceo Colegio Metodista Robert Johnson,Alto Hospicio,DIALISIS POUL HARRIS,1107,ESTABLECIMIENTOS MÉDICOS DE ATENCIÓN AMBULATORIA (CENTROS MÉDICOS),Atención de Enfermería
7745689,Mujer,1,2022,2021,610,64008,12534,Liceo Colegio Metodista Robert Johnson,Alto Hospicio,ELEAM HUERTO DE PAZ,1107,"CLÍNICAS PSIQUIATRICAS, CENTROS DE REHABILITACIÓN, ASILOS Y CLÍNICAS DE REPOSO",Atención de Enfermería
8608546,Hombre,1,2022,2021,610,64008,12534,Liceo Colegio Metodista Robert Johnson,Alto Hospicio,ELEAM HUERTO DE PAZ,1107,"CLÍNICAS PSIQUIATRICAS, CENTROS DE REHABILITACIÓN, ASILOS Y CLÍNICAS DE REPOSO",Atención de Enfermería
8754773,Mujer,1,2022,2021,610,64008,12534,Liceo Colegio Metodista Robert Johnson,Alto Hospicio,CLÍNICA TARAPAÁ,1101,HOSPITALES Y CLÍNICAS,Atención de Enfermería
9889222,Mujer,1,2022,2021,610,64008,12534,Liceo Colegio Metodista Robert Johnson,Alto Hospicio,CORPORACIÓN POUL HARRIS,1101,ESTABLECIMIENTOS MÉDICOS DE ATENCIÓN AMBULATORIA (CENTROS MÉDICOS),Atención de Enfermería
10156354,Mujer,1,2022,2021,610,64008,12534,Liceo Colegio Metodista Robert Johnson,Alto Hospicio,CLÍNICA TARAPAÁ,1101,HOSPITALES Y CLÍNICAS,Atención de Enfermería
10168951,Mujer,1,2022,2021,610,64008,12534,Liceo Colegio Metodista Robert Johnson,Alto Hospicio,CESFAM POZO ALMONTE,1401,ESTABLECIMIENTOS MÉDICOS DE ATENCIÓN AMBULATORIA (CENTROS MÉDICOS),Atención de Enfermería
11422816,Mujer,1,2022,2021,610,64008,12534,Liceo Colegio Metodista Robert Johnson,Alto Hospicio,ELEAM HUERTO DE PAZ,1107,"CLÍNICAS PSIQUIATRICAS, CENTROS DE REHABILITACIÓN, ASILOS Y CLÍNICAS DE REPOSO",Atención de Enfermería
12116261,Mujer,1,2022,2021,610,64008,12534,Liceo Colegio Metodista Robert Johnson,Alto Hospicio,CORPORACIÓN POUL HARRIS,1101,"CLÍNICAS PSIQUIATRICAS, CENTROS DE REHABILITACIÓN, ASILOS Y CLÍNICAS DE REPOSO",Atención de Enfermería
12280658,Mujer,1,2022,2021,610,64008,12534,Liceo Colegio Metodista Robert Johnson,Alto Hospicio,CESFAM DR. YANDRY AÑAZCO,1107,ESTABLECIMIENTOS MÉDICOS DE ATENCIÓN AMBULATORIA (CENTROS MÉDICOS),Atención de Enfermería
13271304,Mujer,1,2022,2021,610,64008,12534,Liceo Colegio Metodista Robert Johnson,Alto Hospicio,CLÍNICA TARAPACÁ,1101,HOSPITALES Y CLÍNICAS,Atención de Enfermería
14107431,Mujer,1,2022,2021,610,64008,12534,Liceo Colegio Metodista Robert Johnson,Alto Hospicio,CLÍNICA TARAPAÁ,1101,HOSPITALES Y CLÍNICAS,Atención de Enfermería
14169156,Mujer,1,2022,2021,610,64008,12534,Liceo Colegio Metodista Robert Johnson,Alto Hospicio,CECOSF LA TORTUGA,1107,ESTABLECIMIENTOS MÉDICOS DE ATENCIÓN AMBULATORIA (CENTROS MÉDICOS),Atención de Enfermería
14496953,Mujer,1,2022,2021,610,64008,12534,Liceo Colegio Metodista Robert Johnson,Alto Hospicio,CLÍNICA TARAPAÁ,1101,HOSPITALES Y CLÍNICAS,Atención de Enfermería
15075991,Hombre,1,2022,2021,610,64008,12534,Liceo Colegio Metodista Robert Johnson,Alto Hospicio,ELEAM HUERTO DE PAZ,1107,"CLÍNICAS PSIQUIATRICAS, CENTROS DE REHABILITACIÓN, ASILOS Y CLÍNICAS DE REPOSO",Atención de Enfermería
16314185,Mujer,1,2022,2021,610,64008,12534,Liceo Colegio Metodista Robert Johnson,Alto Hospicio,CORPORACIÓN POUL HARRIS,1101,ESTABLECIMIENTOS MÉDICOS DE ATENCIÓN AMBULATORIA (CENTROS MÉDICOS),Atención de Enfermería
17081951,Mujer,1,2022,2021,610,64008,12534,Liceo Colegio Metodista Robert Johnson,Alto Hospicio,CESFAM POZO ALMONTE,1401,ESTABLECIMIENTOS MÉDICOS DE ATENCIÓN AMBULATORIA (CENTROS MÉDICOS),Atención de Enfermería
17469198,Mujer,1,2022,2021,610,64008,12534,Liceo Colegio Metodista Robert Johnson,Alto Hospicio,CLÍNICA TARAPAÁ,1107,HOSPITALES Y CLÍNICAS,Atención de Enfermería
18462568,Hombre,1,2022,2021,610,64008,12534,Liceo Colegio Metodista Robert Johnson,Alto Hospicio,DIALISIS POUL HARRIS,1107,ESTABLECIMIENTOS MÉDICOS DE ATENCIÓN AMBULATORIA (CENTROS MÉDICOS),Atención de Enfermería
18543439,Mujer,1,2022,2021,610,64008,12534,Liceo Colegio Metodista Robert Johnson,Alto Hospicio,DIÁLISIS ALTO HOSPICIO,1107,"CLÍNICAS PSIQUIATRICAS, CENTROS DE REHABILITACIÓN, ASILOS Y CLÍNICAS DE REPOSO",Atención de Enfermería
18791066,Mujer,1,2022,2021,610,64008,12534,Liceo Colegio Metodista Robert Johnson,Alto Hospicio,CLÍNICA TARAPACÁ,1101,HOSPITALES Y CLÍNICAS,Atención de Enfermería
19160150,Hombre,1,2022,2021,610,64008,12534,Liceo Colegio Metodista Robert Johnson,Alto Hospicio,CESFAM DR. YANDRY AÑAZCO,1107,ESTABLECIMIENTOS MÉDICOS DE ATENCIÓN AMBULATORIA (CENTROS MÉDICOS),Atención de Enfermería
19333056,Mujer,1,2022,2021,610,64008,12534,Liceo Colegio Metodista Robert Johnson,Alto Hospicio,ELEAM HUERTO DE PAZ,1107,"CLÍNICAS PSIQUIATRICAS, CENTROS DE REHABILITACIÓN, ASILOS Y CLÍNICAS DE REPOSO",Atención de Enfermería
19659140,Hombre,1,2022,2021,610,64008,12534,Liceo Colegio Metodista Robert Johnson,Alto Hospicio,ELEAM HUERTO DE PAZ,1107,"CLÍNICAS PSIQUIATRICAS, CENTROS DE REHABILITACIÓN, ASILOS Y CLÍNICAS DE REPOSO",Atención de Enfermería
22252749,Mujer,1,2022,2021,610,64008,12534,Liceo Colegio Metodista Robert Johnson,Alto Hospicio,CLÍNICA TARAPAÁ,1101,HOSPITALES Y CLÍNICAS,Atención de Enfermería
22611783,Mujer,1,2022,2020,610,64008,12534,Liceo Colegio Metodista Robert Johnson,Alto Hospicio,SERVICIOS MÉDICOS MED LAB LTDA.,1107,SERVICIOS DE MÉDICOS EN FORMA INDEPENDIENTE,Atención de Enfermería
22790914,Hombre,1,2022,2021,610,64008,12534,Liceo Colegio Metodista Robert Johnson,Alto Hospicio,ELEAM HUERTO DE PAZ,1107,"CLÍNICAS PSIQUIATRICAS, CENTROS DE REHABILITACIÓN, ASILOS Y CLÍNICAS DE REPOSO",Atención de Enfermería
23098038,Hombre,1,2022,2021,610,64008,12534,Liceo Colegio Metodista Robert Johnson,Alto Hospicio,ELEAM HUERTO DE PAZ,1107,"CLÍNICAS PSIQUIATRICAS, CENTROS DE REHABILITACIÓN, ASILOS Y CLÍNICAS DE REPOSO",Atención de Enfermería
23169425,Mujer,1,2022,2021,610,64008,12534,Liceo Colegio Metodista Robert Johnson,Alto Hospicio,CECOSF LA TORTUGA,1107,ESTABLECIMIENTOS MÉDICOS DE ATENCIÓN AMBULATORIA (CENTROS MÉDICOS),Atención de Enfermería
23621629,Hombre,1,2022,2021,610,64008,12534,Liceo Colegio Metodista Robert Johnson,Alto Hospicio,CLÍNICA TARAPAÁ,1101,HOSPITALES Y CLÍNICAS,Atención de Enfermería
23698222,Mujer,1,2022,2021,610,64008,12534,Liceo Colegio Metodista Robert Johnson,Alto Hospicio,DIÁLISIS ALTO HOSPICIO,1107,"CLÍNICAS PSIQUIATRICAS, CENTROS DE REHABILITACIÓN, ASILOS Y CLÍNICAS DE REPOSO",Atención de Enfermería
24555120,Mujer,1,2022,2021,610,64008,12534,Liceo Colegio Metodista Robert Johnson,Alto Hospicio,CESFAM POZO ALMONTE,1401,ESTABLECIMIENTOS MÉDICOS DE ATENCIÓN AMBULATORIA (CENTROS MÉDICOS),Atención de Enfermería
24776426,Mujer,1,2022,2021,610,64008,12534,Liceo Colegio Metodista Robert Johnson,Alto Hospicio,CESFAM PEDRO PULGAR,1107,ESTABLECIMIENTOS MÉDICOS DE ATENCIÓN AMBULATORIA (CENTROS MÉDICOS),Atención de Enfermería
25638439,Hombre,1,2022,2021,610,64008,12534,Liceo Colegio Metodista Robert Johnson,Alto Hospicio,DIÁLISIS ALTO HOSPICIO,1107,"CLÍNICAS PSIQUIATRICAS, CENTROS DE REHABILITACIÓN, ASILOS Y CLÍNICAS DE REPOSO",Atención de Enfermería
26163659,Mujer,1,2022,2021,610,64008,12534,Liceo Colegio Metodista Robert Johnson,Alto Hospicio,DIÁLISIS ALTO HOSPICIO,1107,ESTABLECIMIENTOS MÉDICOS DE ATENCIÓN AMBULATORIA (CENTROS MÉDICOS),Atención de Enfermería
26266654,Mujer,1,2022,2021,610,64008,12534,Liceo Colegio Metodista Robert Johnson,Alto Hospicio,CESFAM POZO ALMONTE,1401,ESTABLECIMIENTOS MÉDICOS DE ATENCIÓN AMBULATORIA (CENTROS MÉDICOS),Atención de Enfermería
4868218,Hombre,1,2022,2021,410,41005,12602,Escuela Básica y Parvularia Kronos School,Alto Hospicio,JUMBO SUPERMERCADOS ADMINISTRADORA LTDA,1101,"ALMACENES MEDIANOS (VENTA DE ALIMENTOS) SUPERMERCADOS, MINIMARKETS",Administración
5691181,Mujer,1,2022,2021,410,41005,12602,Escuela Básica y Parvularia Kronos School,Alto Hospicio,JORGE ANDRADE LOPEZ SAC,1107,VENTA AL POR MAYOR DE OTROS PRODUCTOS N.C.P.,Administración
7363874,Mujer,2,2022,2021,410,41005,12602,Escuela Básica y Parvularia Kronos School,Alto Hospicio,SOLUCIONES CIVILES E INDUSTRIALES EYP SPA,1107,OBRAS DE INGENIERÍA,Administración
7363874,Mujer,1,2022,2021,410,41005,12602,Escuela Básica y Parvularia Kronos School,Alto Hospicio,SOLUCIONES CIVILES E INDUSTRIALES EYP SPA,1107,SERVICIOS DE INGENIERÍA PRESTADOS POR EMPRESAS N.C.P.,Administración
8526222,Mujer,1,2022,2021,410,41005,12602,Escuela Básica y Parvularia Kronos School,Alto Hospicio,JUMBO SUPERMERCADOS ADMINISTRADORA LTDA,1101,VENTA AL POR MAYOR DE OTROS PRODUCTOS N.C.P.,Administración
9281372,Hombre,1,2022,2021,410,41005,12602,Escuela Básica y Parvularia Kronos School,Alto Hospicio,JUMBO SUPERMERCADOS ADMINISTRADORA LTDA,1101,VENTAS AL POR MENOR DE OTROS PRODUCTOS EN ALMACENES ESPECIALIZADOS N.C.P.,Administración
11705373,Mujer,1,2022,2021,410,41005,12602,Escuela Básica y Parvularia Kronos School,Alto Hospicio,ACL INGENIERÍA Y CONSTRUCCIÓN LTDA,1101,OBRAS DE INGENIERÍA,Administración
15566210,Mujer,1,2022,2021,410,41005,12602,Escuela Básica y Parvularia Kronos School,Alto Hospicio,FUNDACION EDUCACIONAL KRONOS SCHOOL,1107,ESTABLECIMIENTOS DE ENSEÑANZA SECUNDARIA DE FORMACIÓN TÉCNICA Y PROFESIONAL,Administración
20003180,Mujer,1,2022,2021,410,41005,12602,Escuela Básica y Parvularia Kronos School,Alto Hospicio,FUNFACION EDUCACIONAL KRONOS,1107,ESTABLECIMIENTOS DE ENSEÑANZA SECUNDARIA DE FORMACIÓN TÉCNICA Y PROFESIONAL,Administración
20055226,Mujer,2,2022,2021,410,41005,12602,Escuela Básica y Parvularia Kronos School,Alto Hospicio,ACL INGENIERIA Y CONSTRUCCION LTDA.,1101,OBRAS DE INGENIERÍA,Administración
20055226,Mujer,1,2022,2021,410,41005,12602,Escuela Básica y Parvularia Kronos School,Alto Hospicio,ACL INGENIERÍA Y CONSTRUCCIÓN LTDA,1101,OBRAS DE INGENIERÍA,Administración
20082974,Mujer,1,2022,2021,410,41005,12602,Escuela Básica y Parvularia Kronos School,Alto Hospicio,JUMBO SUPERMERCADOS ADMINISTRADORA LTDA,1101,"ALMACENES MEDIANOS (VENTA DE ALIMENTOS) SUPERMERCADOS, MINIMARKETS",Administración
20118034,Mujer,1,2022,2021,410,41005,12602,Escuela Básica y Parvularia Kronos School,Alto Hospicio,SERVICIOS A LA EMPRESA RIAGGI LTDA,1107,FABRICACIÓN DE PRODUCTOS METÁLICOS DE USO ESTRUCTURAL,Administración
20282346,Mujer,2,2022,2021,410,41005,12602,Escuela Básica y Parvularia Kronos School,Alto Hospicio,MUNICIPALIDAD DE ALTO HOSPICIO,1107,MUNICIPALIDADES,Administración
20282346,Mujer,1,2022,2021,410,41005,12602,Escuela Básica y Parvularia Kronos School,Alto Hospicio,MUNICIPALIDAD DE ALTO HOSPICIO,1107,MUNICIPALIDADES,Administración
20392639,Mujer,2,2022,2021,410,41005,12602,Escuela Básica y Parvularia Kronos School,Alto Hospicio,SERVICIOS A LA EMPRESA RIAGGI LTDA.,1107,REPARACIÓN OTROS TIPOS DE MAQUINARIA Y EQUIPOS DE USO GENERAL,Administración
20392639,Mujer,1,2022,2021,410,41005,12602,Escuela Básica y Parvularia Kronos School,Alto Hospicio,SERVICIOS A LA EMPRESA RIAGGI LTDA,1107,FABRICACIÓN DE ARTÍCULOS DE OTRAS INDUSTRIAS N.C.P.,Administración
22701889,Hombre,1,2022,2021,410,41005,12602,Escuela Básica y Parvularia Kronos School,Alto Hospicio,JORGE ANDRADE LOPEZ SAC,1107,VENTA AL POR MAYOR DE OTROS PRODUCTOS N.C.P.,Administración
22919700,Mujer,2,2022,2021,410,41005,12602,Escuela Básica y Parvularia Kronos School,Alto Hospicio,ZOFRI S.A.,1101,"COMPRA, VENTA Y ALQUILER (EXCEPTO AMOBLADOS) DE INMUEBLES PROPIOS O ARRENDADOS",Administración
22919700,Mujer,1,2022,2021,410,41005,12602,Escuela Básica y Parvularia Kronos School,Alto Hospicio,ZOFRI S.A.,1101,OTRAS ACTIVIDADES EMPRESARIALES N.C.P.,Administración
25505509,Mujer,1,2022,2021,410,41005,12602,Escuela Básica y Parvularia Kronos School,Alto Hospicio,COMERCIAL E INDUSTRIAL V&B LTDA,1107,FABRICACIÓN DE PRODUCTOS METÁLICOS DE USO ESTRUCTURAL,Administración
26134417,Mujer,1,2022,2021,410,41005,12602,Escuela Básica y Parvularia Kronos School,Alto Hospicio,MUNICIPALIDAD DE ALTO HOSPICIO,1107,MUNICIPALIDADES,Administración
26304772,Hombre,2,2022,2021,410,41005,12602,Escuela Básica y Parvularia Kronos School,Alto Hospicio,COMERCIAL E INDUSTRIAL V&B LTDA.,1107,REPARACIÓN DE OTROS TIPOS DE EQUIPO ELÉCTRICO N.C.P.,Administración
26304772,Hombre,1,2022,2021,410,41005,12602,Escuela Básica y Parvularia Kronos School,Alto Hospicio,COMERCIAL E INDUSTRIAL V&B LTDA,1107,FABRICACIÓN DE PRODUCTOS METÁLICOS DE USO ESTRUCTURAL,Administración
26304868,Mujer,1,2022,2021,410,41005,12602,Escuela Básica y Parvularia Kronos School,Alto Hospicio,ACL INGENIERÍA Y CONSTRUCCIÓN LTDA,1101,OBRAS DE INGENIERÍA,Administración
26305177,Hombre,1,2022,2021,410,41005,12602,Escuela Básica y Parvularia Kronos School,Alto Hospicio,FUNDACION EDUCACIONAL KRONOS SCHOOL,1107,ESTABLECIMIENTOS DE ENSEÑANZA SECUNDARIA DE FORMACIÓN TÉCNICA Y PROFESIONAL,Administración
26305583,Hombre,2,2022,2021,410,41005,12602,Escuela Básica y Parvularia Kronos School,Alto Hospicio,SOCIEDAD DE TRANSPORTES NORTRANS LIMITADA,1107,SERVICIOS DE TRANSPORTE DE TRABAJADORES,Administración
26371723,Hombre,1,2022,2021,410,41005,12602,Escuela Básica y Parvularia Kronos School,Alto Hospicio,SOCIEDAD DE TRANSPORTES NORTRANS LIMITADA,1107,SERVICIOS DE TRANSPORTE DE TRABAJADORES,Administración
27134192,Hombre,1,2022,2021,410,41005,12602,Escuela Básica y Parvularia Kronos School,Alto Hospicio,VITA ABOGADOS SPA,1107,OTRAS ACTIVIDADES DE SERVICIOS PERSONALES N.C.P.,Administración
27180770,Hombre,1,2022,2021,410,41005,12602,Escuela Básica y Parvularia Kronos School,Alto Hospicio,SOCIEDAD DE TRANSPORTES NORTRANS LIMITADA,1107,SERVICIOS DE TRANSPORTE DE TRABAJADORES,Administración
916053,Mujer,1,2022,2021,610,64008,40422,Colegio Nirvana,Alto Hospicio,CAMPOS CLINICOS. MUNICIPALIDAD ALTO HOSPICIO,1107,OTROS PROFESIONALES DE LA SALUD,Atención de Enfermería
3656219,Mujer,1,2022,2021,610,64008,40422,Colegio Nirvana,Alto Hospicio,CAMPOS CLINICOS. MUNICIPALIDAD ALTO HOSPICIO,1107,OTROS PROFESIONALES DE LA SALUD,Atención de Enfermería
5818028,Mujer,1,2022,2021,610,64008,40422,Colegio Nirvana,Alto Hospicio,CENTRO DE EVALUACIÓN MÉDICA CEM,1101,OTRAS ACTIVIDADES EMPRESARIALES RELACIONADAS CON LA SALUD HUMANA,Atención de Enfermería
6587561,Mujer,1,2022,2021,610,64008,40422,Colegio Nirvana,Alto Hospicio,HOHAR DULCE COMPAÑIA,1107,OTRAS ACTIVIDADES EMPRESARIALES RELACIONADAS CON LA SALUD HUMANA,Atención de Enfermería
7866461,Mujer,1,2022,2021,610,64008,40422,Colegio Nirvana,Alto Hospicio,CAMPOS CLINICOS. MUNICIPALIDAD ALTO HOSPICIO,1107,OTROS PROFESIONALES DE LA SALUD,Atención de Enfermería
9968235,Mujer,1,2022,2021,610,64008,40422,Colegio Nirvana,Alto Hospicio,CAMPOS CLINICOS. MUNICIPALIDAD ALTO HOSPICIO,1107,OTROS PROFESIONALES DE LA SALUD,Atención de Enfermería
10443809,Mujer,1,2022,2021,610,64008,40422,Colegio Nirvana,Alto Hospicio,CAMPOS CLINICOS. MUNICIPALIDAD ALTO HOSPICIO,1107,OTROS PROFESIONALES DE LA SALUD,Atención de Enfermería
11120119,Mujer,1,2022,2021,610,64008,40422,Colegio Nirvana,Alto Hospicio,CENTRO RADIOLOGICO NORTE GRANDE,1101,OTROS PROFESIONALES DE LA SALUD,Atención de Enfermería
11536066,Mujer,1,2022,2021,610,64008,40422,Colegio Nirvana,Alto Hospicio,CAMPOS CLINICOS. MUNICIPALIDAD ALTO HOSPICIO,1107,OTROS PROFESIONALES DE LA SALUD,Atención de Enfermería
11729587,Mujer,1,2022,2021,610,64008,40422,Colegio Nirvana,Alto Hospicio,CENTRO MEDICO ALTO SALUD,1107,OTROS PROFESIONALES DE LA SALUD,Atención de Enfermería
11869250,Mujer,1,2022,2021,610,64008,40422,Colegio Nirvana,Alto Hospicio,CENTRO RADIOLOGICO NORTE GRANDE,1101,OTROS PROFESIONALES DE LA SALUD,Atención de Enfermería
11975865,Mujer,1,2022,2021,610,64008,40422,Colegio Nirvana,Alto Hospicio,CENTRO RADIOLOGICO NORTE GRANDE,1101,OTROS PROFESIONALES DE LA SALUD,Atención de Enfermería
13309389,Hombre,1,2022,2021,610,64008,40422,Colegio Nirvana,Alto Hospicio,CENTRO MEDICO ALTO SALUD,1107,OTROS PROFESIONALES DE LA SALUD,Atención de Enfermería
13322087,Hombre,1,2022,2021,610,64008,40422,Colegio Nirvana,Alto Hospicio,CLINICA IQUIQUE S.A.,1101,OTROS PROFESIONALES DE LA SALUD,Atención de Enfermería
13469389,Mujer,1,2022,2021,610,64008,40422,Colegio Nirvana,Alto Hospicio,CENTRO MEDICO ALTO SALUD,1107,OTRAS ACTIVIDADES EMPRESARIALES RELACIONADAS CON LA SALUD HUMANA,Atención de Enfermería
15860533,Mujer,1,2022,2021,610,64008,40422,Colegio Nirvana,Alto Hospicio,CAMPOS CLINICOS MUNICIPALIDAD EL TABO,5605,OTRAS ACTIVIDADES EMPRESARIALES RELACIONADAS CON LA SALUD HUMANA,Atención de Enfermería
16461126,Mujer,1,2022,2021,610,64008,40422,Colegio Nirvana,Alto Hospicio,CENTRO RADIOLOGICO NORTE GRANDE,1101,OTRAS ACTIVIDADES EMPRESARIALES RELACIONADAS CON LA SALUD HUMANA,Atención de Enfermería
20258800,Mujer,1,2022,2021,610,64008,40422,Colegio Nirvana,Alto Hospicio,MUNICIPALIDAD DE POZO ALMONTE,1401,OTROS PROFESIONALES DE LA SALUD,Atención de Enfermería
22365697,Mujer,1,2022,2021,610,64008,40422,Colegio Nirvana,Alto Hospicio,CLÍNJICA TARAPACÁ,1101,OTRAS ACTIVIDADES EMPRESARIALES RELACIONADAS CON LA SALUD HUMANA,Atención de Enfermería
22401511,Hombre,1,2022,2021,610,64008,40422,Colegio Nirvana,Alto Hospicio,CENTRO RADIOLOGICO NORTE GRANDE,1101,OTRAS ACTIVIDADES EMPRESARIALES RELACIONADAS CON LA SALUD HUMANA,Atención de Enfermería
25755385,Hombre,1,2022,2021,610,64008,40422,Colegio Nirvana,Alto Hospicio,CENTRO RADIOLOGICO NORTE GRANDE,1101,OTRAS ACTIVIDADES EMPRESARIALES RELACIONADAS CON LA SALUD HUMANA,Atención de Enfermería
1566161,Mujer,1,2023,2022,410,41005,161,Liceo de Huara,Huara,SCM CORPORACION DE DESARROLLO DEL NORTE,1401,EXTRACCIÓN DE NITRATOS Y YODO,Administración
1593604,Mujer,1,2023,2022,410,41005,161,Liceo de Huara,Huara,SCM CORPORACION DE DESARROLLO DEL NORTE,1401,EXTRACCIÓN DE OTROS MINERALES METALÍFEROS N.C.P.,Administración
2807457,Hombre,1,2023,2022,410,41005,161,Liceo de Huara,Huara,SCM CORPORACIONDE DESARROLLO DEL NORTE,1401,EXTRACCIÓN DE NITRATOS Y YODO,Administración
2813396,Mujer,1,2023,2022,410,41005,161,Liceo de Huara,Huara,SCM CORPORACION DE DESARROLLO DEL NORTE,1401,EXTRACCIÓN DE NITRATOS Y YODO,Administración
3071551,Mujer,1,2023,2020,410,41005,161,Liceo de Huara,Huara,ILUSTRE MUNICIPALIDAD DE HUARA,1404,MUNICIPALIDADES,Administración
6218309,Mujer,1,2023,2021,410,41005,161,Liceo de Huara,Huara,ILUSTRE MUNICIPALIDAD DE HUARA,1404,MUNICIPALIDADES,Administración
7619550,Hombre,1,2023,2022,410,41005,161,Liceo de Huara,Huara,ILUSTRE MUNICIPALIDAD DE HUARA,1404,MUNICIPALIDADES,Administración
9619550,Hombre,1,2023,2020,410,41005,161,Liceo de Huara,Huara,ILUSTRE MUNICIPALIDAD DE HUARA,1404,MUNICIPALIDADES,Administración
10110685,Mujer,1,2023,2022,410,41005,161,Liceo de Huara,Huara,SCM CORPORACIONDE DESARROLLO DEL NORTE,1401,EXTRACCIÓN DE OTROS MINERALES METALÍFEROS N.C.P.,Administración
10787013,Mujer,1,2023,2022,410,41005,161,Liceo de Huara,Huara,ILUSTRE MUNICIPALIDAD DE HUARA,1404,EXTRACCIÓN DE OTROS MINERALES METALÍFEROS N.C.P.,Administración
11995791,Hombre,1,2023,2021,410,41005,161,Liceo de Huara,Huara,ILUSTRE MUNICIPALIDAD DE HUARA,1404,MUNICIPALIDADES,Administración
13361655,Mujer,1,2023,2022,410,41005,161,Liceo de Huara,Huara,HOTELERA Y TURISMO OÉANO S.A.,1101,HOTELES,Administración
14331620,Hombre,1,2023,2021,410,41005,161,Liceo de Huara,Huara,ILUSTRE MUNICIPALIDAD DE HUARA,1404,MUNICIPALIDADES,Administración
14837571,Mujer,1,2023,2020,410,41005,161,Liceo de Huara,Huara,ILUSTRE MUNICIPALIDAD DE HUARA,1404,MUNICIPALIDADES,Administración
15408818,Mujer,1,2023,2021,410,41005,161,Liceo de Huara,Huara,ILUSTRE MUNICIPALIDAD DE HUARA,1404,MUNICIPALIDADES,Administración
15860309,Hombre,1,2023,2022,410,41005,161,Liceo de Huara,Huara,SCM CORPORACIONDE DESARROLLO DEL NORTE,1401,EXTRACCIÓN DE OTROS MINERALES METALÍFEROS N.C.P.,Administración
15992503,Hombre,1,2023,2022,410,41005,161,Liceo de Huara,Huara,SCM CORPORACION DE DESARROLLO DEL NORTE,1401,EXTRACCIÓN DE NITRATOS Y YODO,Administración
16935896,Hombre,1,2023,2022,410,41005,161,Liceo de Huara,Huara,SCM CORPORACIONDE DESARROLLO DEL NORTE,1401,EXTRACCIÓN DE OTROS MINERALES METALÍFEROS N.C.P.,Administración
17784472,Mujer,1,2023,2022,410,41005,161,Liceo de Huara,Huara,SCM CORPORACIONDE DESARROLLO DEL NORTE,1401,EXTRACCIÓN DE OTROS MINERALES METALÍFEROS N.C.P.,Administración
18886081,Hombre,1,2023,2022,410,41005,161,Liceo de Huara,Huara,ILUSTRE MUNICIPALIDAD DE HUARA,1404,MUNICIPALIDADES,Administración
21989317,Hombre,1,2023,2022,410,41005,161,Liceo de Huara,Huara,ILUSTRE MUNICIPALIDAD DE HUARA,1404,MUNICIPALIDADES,Administración
23212747,Hombre,1,2023,2021,410,41005,161,Liceo de Huara,Huara,ILUSTRE MUNICIPALIDAD DE HUARA,1404,MUNICIPALIDADES,Administración
23298752,Hombre,1,2023,2020,410,41005,161,Liceo de Huara,Huara,ILUSTRE MUNICIPALIDAD DE HUARA,1404,MUNICIPALIDADES,Administración
23889185,Mujer,1,2023,2022,410,41005,161,Liceo de Huara,Huara,ILUSTRE MUNICIPALIDAD DE HUARA,1404,MUNICIPALIDADES,Administración
25489708,Mujer,1,2023,2022,410,41005,161,Liceo de Huara,Huara,SCM CORPORACIONDE DESARROLLO DEL NORTE,1401,EXTRACCIÓN DE OTROS MINERALES METALÍFEROS N.C.P.,Administración
26379209,Mujer,1,2023,2020,410,41005,161,Liceo de Huara,Huara,ILUSTRE MUNICIPALIDAD DE HUARA,1404,MUNICIPALIDADES,Administración
349209,Mujer,1,2023,2022,410,41005,191,Liceo Alcalde Sergio González Gutiérrez,Pozo Almonte,EMPRESA SQM S.A.,1401,FABRICACIÓN DE OTROS PRODUCTOS MINERALES NO METÁLICOS N.C.P,Administración
409641,Mujer,1,2023,2022,410,41005,191,Liceo Alcalde Sergio González Gutiérrez,Pozo Almonte,EMPRESAS EBEN EZER,1401,TRANSPORTE DE CARGA POR CARRETERA,Administración
883947,Hombre,1,2023,2022,410,41005,191,Liceo Alcalde Sergio González Gutiérrez,Pozo Almonte,MUNICIPALIDAD DE POZO ALMONTE,1401,MUNICIPALIDADES,Administración
967674,Mujer,1,2023,2022,410,41005,191,Liceo Alcalde Sergio González Gutiérrez,Pozo Almonte,CORPORACIÓN MUNICIPAL DE DESARROLLO SOCIAL DE POZO ALMONTE,1401,MUNICIPALIDADES,Administración
1513643,Hombre,1,2023,2022,410,41005,191,Liceo Alcalde Sergio González Gutiérrez,Pozo Almonte,EMPRESA COSAYACH,1401,EXTRACCIÓN DE NITRATOS Y YODO,Administración
1699128,Mujer,1,2023,2022,410,41005,191,Liceo Alcalde Sergio González Gutiérrez,Pozo Almonte,MUNICIPALIDAD DE POZO ALMONTE,1401,MUNICIPALIDADES,Administración
3475612,Mujer,1,2023,2022,410,41005,191,Liceo Alcalde Sergio González Gutiérrez,Pozo Almonte,MUNICIPALIDAD DE POZO ALMONTE,1401,MUNICIPALIDADES,Administración
3878264,Hombre,1,2023,2022,410,41005,191,Liceo Alcalde Sergio González Gutiérrez,Pozo Almonte,S.C.M. CORPORACIÓN DE DESARROLLO DEL NORTE,1401,FABRICACIÓN DE OTROS PRODUCTOS MINERALES NO METÁLICOS N.C.P,Administración
3901425,Hombre,1,2023,2022,410,41005,191,Liceo Alcalde Sergio González Gutiérrez,Pozo Almonte,CORPORACIÓN MUNICIPAL DE DESARROLLO SOCIAL DE POZO ALMONTE,1401,MUNICIPALIDADES,Administración
4959510,Hombre,1,2023,2022,410,41005,191,Liceo Alcalde Sergio González Gutiérrez,Pozo Almonte,CORPORACIÓN MUNICIPAL DE DESARROLLO SOCIAL DE POZO ALMONTE,1401,GOBIERNO CENTRAL,Administración
5091180,Mujer,1,2023,2022,410,41005,191,Liceo Alcalde Sergio González Gutiérrez,Pozo Almonte,CORPORACIÓN MUNICIPAL DE DESARROLLO SOCIAL DE POZO ALMONTE,1401,MUNICIPALIDADES,Administración
5488956,Hombre,1,2023,2022,410,41005,191,Liceo Alcalde Sergio González Gutiérrez,Pozo Almonte,CORPORACIÓN MUNICIPAL DE DESARROLLO SOCIAL DE POZO ALMONTE,1401,MUNICIPALIDADES,Administración
5997535,Mujer,1,2023,2022,410,41005,191,Liceo Alcalde Sergio González Gutiérrez,Pozo Almonte,EMPRESA TAD SPA,1401,TRANSPORTE DE CARGA POR CARRETERA,Administración
6158464,Hombre,1,2023,2022,410,41005,191,Liceo Alcalde Sergio González Gutiérrez,Pozo Almonte,EMPRESA NNS EIRL,1401,FABRICACIÓN Y ARMADO DE COMPUTADORES Y HARDWARE EN GENERAL,Administración
6199547,Mujer,1,2023,2022,410,41005,191,Liceo Alcalde Sergio González Gutiérrez,Pozo Almonte,MUNICIPALIDAD DE POZO ALMONTE,1401,MUNICIPALIDADES,Administración
6300827,Mujer,1,2023,2022,410,41005,191,Liceo Alcalde Sergio González Gutiérrez,Pozo Almonte,EMPRESA ILZAUSPE,1401,TRANSPORTE DE CARGA POR CARRETERA,Administración
6520755,Mujer,1,2023,2022,410,41005,191,Liceo Alcalde Sergio González Gutiérrez,Pozo Almonte,EMPRESA VALNICO,1401,FABRICACIÓN DE PRODUCTOS METÁLICOS DE USO ESTRUCTURAL,Administración
6826361,Mujer,1,2023,2022,410,41005,191,Liceo Alcalde Sergio González Gutiérrez,Pozo Almonte,EMPRESA SQM S.A.,1401,"EXTRACCIÓN DE LITIO Y CLORUROS, EXCEPTO SAL",Administración
7547872,Mujer,1,2023,2022,410,41005,191,Liceo Alcalde Sergio González Gutiérrez,Pozo Almonte,MUNICIPALIDAD DE POZO ALMONTE,1401,MUNICIPALIDADES,Administración
8611008,Mujer,1,2023,2022,410,41005,191,Liceo Alcalde Sergio González Gutiérrez,Pozo Almonte,EMPRESA ILZAUSPE,1401,TRANSPORTE DE CARGA POR CARRETERA,Administración
9617807,Hombre,1,2023,2022,410,41005,191,Liceo Alcalde Sergio González Gutiérrez,Pozo Almonte,EMPRESA ARCOPRIME PRONTO COPEC,1401,"VENTA AL POR MENOR DE PRODUCTOS DE CONFITERÍAS, CIGARRILLOS, Y OTROS",Administración
10127759,Mujer,1,2023,2021,410,41005,191,Liceo Alcalde Sergio González Gutiérrez,Pozo Almonte,MUNICIPALIDAD DE POZO ALMONTE,1401,MUNICIPALIDADES,Administración
10318306,Hombre,1,2023,2022,410,41005,191,Liceo Alcalde Sergio González Gutiérrez,Pozo Almonte,MUNICIPALIDAD DE POZO ALMONTE,1401,MUNICIPALIDADES,Administración
11068867,Mujer,1,2023,2022,410,41005,191,Liceo Alcalde Sergio González Gutiérrez,Pozo Almonte,EMPRESA INCOMAQ,1401,OBRAS DE INGENIERÍA,Administración
11082310,Mujer,1,2023,2022,410,41005,191,Liceo Alcalde Sergio González Gutiérrez,Pozo Almonte,MUNICIPALIDAD DE POZO ALMONTE,1401,MUNICIPALIDADES,Administración
11295254,Hombre,1,2023,2022,410,41005,191,Liceo Alcalde Sergio González Gutiérrez,Pozo Almonte,EMPRESA ILZAUSPE,1401,TRANSPORTE DE CARGA POR CARRETERA,Administración
13071072,Mujer,1,2023,2022,410,41005,191,Liceo Alcalde Sergio González Gutiérrez,Pozo Almonte,EMPRESA SQM S.A.,1401,FABRICACIÓN DE OTROS PRODUCTOS MINERALES NO METÁLICOS N.C.P,Administración
13207487,Mujer,1,2023,2022,410,41005,191,Liceo Alcalde Sergio González Gutiérrez,Pozo Almonte,CORPORACIÓN MUNICIPAL DE DESARROLLO SOCIAL DE POZO ALMONTE,1401,MUNICIPALIDADES,Administración
13429033,Mujer,1,2023,2020,410,41005,191,Liceo Alcalde Sergio González Gutiérrez,Pozo Almonte,DELEGACIÓN PRESIDENCIAL PROVINCIAL DEL TAMARUGAL,1401,GOBIERNO CENTRAL,Administración
13661002,Mujer,1,2023,2022,410,41005,191,Liceo Alcalde Sergio González Gutiérrez,Pozo Almonte,EMPRESA FSM ASESORÍA CONSULTORES Y SERVICIOS SPA,1401,OTRAS ACTIVIDADES EMPRESARIALES N.C.P.,Administración
14477420,Mujer,1,2023,2022,410,41005,191,Liceo Alcalde Sergio González Gutiérrez,Pozo Almonte,MUNICIPALIDAD DE POZO ALMONTE,1401,MUNICIPALIDADES,Administración
14800163,Hombre,1,2023,2022,410,41005,191,Liceo Alcalde Sergio González Gutiérrez,Pozo Almonte,MUNICIPALIDAD DE POZO ALMONTE,1401,MUNICIPALIDADES,Administración
15419758,Mujer,1,2023,2022,410,41005,191,Liceo Alcalde Sergio González Gutiérrez,Pozo Almonte,AGUNSA S.A.,1401,"VENTA AL POR MAYOR DE OTROS PRODUCTOS INTERMEDIOS, DESPERDICIOS Y DESECHOS N.C.P.",Administración
15602424,Hombre,1,2023,2022,410,41005,191,Liceo Alcalde Sergio González Gutiérrez,Pozo Almonte,MUNICIPALIDAD DE POZO ALMONTE,1401,MUNICIPALIDADES,Administración
15633890,Mujer,1,2023,2022,410,41005,191,Liceo Alcalde Sergio González Gutiérrez,Pozo Almonte,EMPRESA SQM S.A.,1401,FABRICACIÓN DE OTROS PRODUCTOS MINERALES NO METÁLICOS N.C.P,Administración
15656455,Hombre,1,2023,2022,410,41005,191,Liceo Alcalde Sergio González Gutiérrez,Pozo Almonte,EMPRESA SQM S.A.,1401,"EXTRACCIÓN DE LITIO Y CLORUROS, EXCEPTO SAL",Administración
16400206,Mujer,1,2023,2022,410,41005,191,Liceo Alcalde Sergio González Gutiérrez,Pozo Almonte,EMPRESA MAUROTEC,1401,MANTENIMIENTO Y REPARACIÓN DE VEHÍCULOS AUTOMOTORES,Administración
16923864,Mujer,1,2023,2022,410,41005,191,Liceo Alcalde Sergio González Gutiérrez,Pozo Almonte,CORPORACIÓN MUNICIPAL DE DESARROLLO SOCIAL DE POZO ALMONTE,1401,MUNICIPALIDADES,Administración
16992405,Mujer,1,2023,2022,410,41005,191,Liceo Alcalde Sergio González Gutiérrez,Pozo Almonte,EMPRESA SQM S.A.,1401,FABRICACIÓN DE OTROS PRODUCTOS MINERALES NO METÁLICOS N.C.P,Administración
17511255,Mujer,1,2023,2022,410,41005,191,Liceo Alcalde Sergio González Gutiérrez,Pozo Almonte,MUNICIPALIDAD DE POZO ALMONTE,1401,MUNICIPALIDADES,Administración
17619289,Mujer,1,2023,2022,410,41005,191,Liceo Alcalde Sergio González Gutiérrez,Pozo Almonte,EMPRESA VALNICO,1401,FABRICACIÓN DE PRODUCTOS METÁLICOS DE USO ESTRUCTURAL,Administración
18426372,Mujer,1,2023,2022,410,41005,191,Liceo Alcalde Sergio González Gutiérrez,Pozo Almonte,EMPRESA TRANSPORTES Y GRÚAS VECCHIOLA,1401,TRANSPORTE DE CARGA POR CARRETERA,Administración
19132744,Mujer,1,2023,2022,410,41005,191,Liceo Alcalde Sergio González Gutiérrez,Pozo Almonte,EMPRESA VALNICO,1401,FABRICACIÓN DE PRODUCTOS METÁLICOS DE USO ESTRUCTURAL,Administración
19713545,Mujer,1,2023,2022,410,41005,191,Liceo Alcalde Sergio González Gutiérrez,Pozo Almonte,EMPRESA MAUROTEC,1401,MANTENIMIENTO Y REPARACIÓN DE VEHÍCULOS AUTOMOTORES,Administración
20398347,Mujer,1,2023,2021,410,41005,191,Liceo Alcalde Sergio González Gutiérrez,Pozo Almonte,EMPRESA TRANSPORTES YCM,1401,TRANSPORTE DE CARGA POR CARRETERA,Administración
20640620,Mujer,1,2023,2022,410,41005,191,Liceo Alcalde Sergio González Gutiérrez,Pozo Almonte,EMPRESA COSAYACH,1401,EXTRACCIÓN DE NITRATOS Y YODO,Administración
21568051,Mujer,1,2023,2022,410,41005,191,Liceo Alcalde Sergio González Gutiérrez,Pozo Almonte,MUNICIPALIDAD DE POZO ALMONTE,1401,MUNICIPALIDADES,Administración
21731542,Hombre,1,2023,2021,410,41005,191,Liceo Alcalde Sergio González Gutiérrez,Pozo Almonte,MUNICIPALIDAD DE POZO ALMONTE,1401,MUNICIPALIDADES,Administración
23184622,Mujer,1,2023,2022,410,41005,191,Liceo Alcalde Sergio González Gutiérrez,Pozo Almonte,EMPRESA ILZAUSPE,1401,TRANSPORTE DE CARGA POR CARRETERA,Administración
23507056,Mujer,1,2023,2022,410,41005,191,Liceo Alcalde Sergio González Gutiérrez,Pozo Almonte,MAESTRANZA IB,1401,FABRICACIÓN DE PRODUCTOS METÁLICOS DE USO ESTRUCTURAL,Administración
24686118,Hombre,1,2023,2022,410,41005,191,Liceo Alcalde Sergio González Gutiérrez,Pozo Almonte,MUNICIPALIDAD DE POZO ALMONTE,1401,MUNICIPALIDADES,Administración
25606326,Mujer,1,2023,2022,410,41005,191,Liceo Alcalde Sergio González Gutiérrez,Pozo Almonte,CORPORACIÓN MUNICIPAL DE DESARROLLO SOCIAL DE POZO ALMONTE,1401,MUNICIPALIDADES,Administración
25637456,Mujer,1,2023,2022,410,41005,191,Liceo Alcalde Sergio González Gutiérrez,Pozo Almonte,CORPORACIÓN MUNICIPAL DE DESARROLLO SOCIAL DE POZO ALMONTE,1401,MUNICIPALIDADES,Administración
25976774,Hombre,1,2023,2022,410,41005,191,Liceo Alcalde Sergio González Gutiérrez,Pozo Almonte,MUNICIPALIDAD DE POZO ALMONTE,1401,MUNICIPALIDADES,Administración
25978492,Mujer,1,2023,2022,410,41005,191,Liceo Alcalde Sergio González Gutiérrez,Pozo Almonte,EMPRESA ESMERO CORTES ROJAS,1401,OBRAS DE INGENIERÍA,Administración
26377527,Mujer,1,2023,2022,410,41005,191,Liceo Alcalde Sergio González Gutiérrez,Pozo Almonte,EMPRESA INCOMAQ,1401,OBRAS DE INGENIERÍA,Administración
27414724,Hombre,2,2023,2022,410,41005,191,Liceo Alcalde Sergio González Gutiérrez,Pozo Almonte,EMPRESA MINETEC,1401,"REPARACIÓN DE TANQUES, DEPÓSITOS Y RECIPIENTES DE METAL",Administración
27414724,Hombre,2,2023,2022,410,41005,191,Liceo Alcalde Sergio González Gutiérrez,Pozo Almonte,EMPRESA MINETEC,1401,"REPARACIÓN DE TANQUES, DEPÓSITOS Y RECIPIENTES DE METAL",Administración
326661,Mujer,1,2023,2022,610,64008,12534,Liceo Colegio Metodista Robert Johnson,Alto Hospicio,ELEAM HUERTO DE PAZ,1107,"CLÍNICAS PSIQUIATRICAS, CENTROS DE REHABILITACIÓN, ASILOS Y CLÍNICAS DE REPOSO",Atención de Enfermería
828478,Mujer,1,2023,2022,610,64008,12534,Liceo Colegio Metodista Robert Johnson,Alto Hospicio,CESFAM PEDRO PULGAR,1107,ESTABLECIMIENTOS MÉDICOS DE ATENCIÓN AMBULATORIA (CENTROS MÉDICOS),Atención de Enfermería
1026510,Mujer,1,2023,2021,610,64008,12534,Liceo Colegio Metodista Robert Johnson,Alto Hospicio,CLINICA TARAPARA,1101,HOSPITALES Y CLÍNICAS,Atención de Enfermería
1322148,Mujer,1,2023,2022,610,64008,12534,Liceo Colegio Metodista Robert Johnson,Alto Hospicio,CENTRO HEMODIÁLISIS ALTO MEDICEN LTDA,1101,ESTABLECIMIENTOS MÉDICOS DE ATENCIÓN AMBULATORIA (CENTROS MÉDICOS),Atención de Enfermería
1371835,Mujer,1,2023,2020,610,64008,12534,Liceo Colegio Metodista Robert Johnson,Alto Hospicio,ELEAM HUERTO DE PAZ,1107,"CLÍNICAS PSIQUIATRICAS, CENTROS DE REHABILITACIÓN, ASILOS Y CLÍNICAS DE REPOSO",Atención de Enfermería
1957549,Mujer,1,2023,2022,610,64008,12534,Liceo Colegio Metodista Robert Johnson,Alto Hospicio,CENTRO DE DIALISIS CORPORACION PAUL HARRIS,1101,ESTABLECIMIENTOS MÉDICOS DE ATENCIÓN AMBULATORIA (CENTROS MÉDICOS),Atención de Enfermería
2693494,Mujer,1,2023,2022,610,64008,12534,Liceo Colegio Metodista Robert Johnson,Alto Hospicio,CLINICA TARAPACÁ,1101,HOSPITALES Y CLÍNICAS,Atención de Enfermería
3899560,Mujer,1,2023,2022,610,64008,12534,Liceo Colegio Metodista Robert Johnson,Alto Hospicio,CENTRO MEDICO ALTO SALUD,1107,ESTABLECIMIENTOS MÉDICOS DE ATENCIÓN AMBULATORIA (CENTROS MÉDICOS),Atención de Enfermería
4407882,Mujer,1,2023,2022,610,64008,12534,Liceo Colegio Metodista Robert Johnson,Alto Hospicio,CLINICA TARAPACÁ,1101,HOSPITALES Y CLÍNICAS,Atención de Enfermería
5349411,Hombre,1,2023,2022,610,64008,12534,Liceo Colegio Metodista Robert Johnson,Alto Hospicio,CLINICA TARAPACÁ,1101,HOSPITALES Y CLÍNICAS,Atención de Enfermería
5516880,Mujer,1,2023,2022,610,64008,12534,Liceo Colegio Metodista Robert Johnson,Alto Hospicio,LABORATORIO CLINICO BAESCO,1101,LABORATORIOS CLÍNICOS INCLUYE BANCOS DE SANGRE,Atención de Enfermería
7266945,Mujer,1,2023,2022,610,64008,12534,Liceo Colegio Metodista Robert Johnson,Alto Hospicio,ELEAM HUERTO DE PAZ,1107,"CLÍNICAS PSIQUIATRICAS, CENTROS DE REHABILITACIÓN, ASILOS Y CLÍNICAS DE REPOSO",Atención de Enfermería
8185341,Mujer,1,2023,2022,610,64008,12534,Liceo Colegio Metodista Robert Johnson,Alto Hospicio,CENTRO DE DIALISIS CORPORACION PAUL HARRIS,1101,ESTABLECIMIENTOS MÉDICOS DE ATENCIÓN AMBULATORIA (CENTROS MÉDICOS),Atención de Enfermería
9420695,Hombre,1,2023,2021,610,64008,12534,Liceo Colegio Metodista Robert Johnson,Alto Hospicio,ELEAM HUERTO DE PAZ,1107,"CLÍNICAS PSIQUIATRICAS, CENTROS DE REHABILITACIÓN, ASILOS Y CLÍNICAS DE REPOSO",Atención de Enfermería
9775278,Mujer,1,2023,2022,610,64008,12534,Liceo Colegio Metodista Robert Johnson,Alto Hospicio,CESFAM PEDRO PULGAR,1107,ESTABLECIMIENTOS MÉDICOS DE ATENCIÓN AMBULATORIA (CENTROS MÉDICOS),Atención de Enfermería
10524316,Mujer,1,2023,2022,610,64008,12534,Liceo Colegio Metodista Robert Johnson,Alto Hospicio,CESFAM PEDRO PULGAR,1107,ESTABLECIMIENTOS MÉDICOS DE ATENCIÓN AMBULATORIA (CENTROS MÉDICOS),Atención de Enfermería
10747946,Mujer,1,2023,2022,610,64008,12534,Liceo Colegio Metodista Robert Johnson,Alto Hospicio,FAENMEDICAL,1101,LABORATORIOS CLÍNICOS INCLUYE BANCOS DE SANGRE,Atención de Enfermería
11173782,Mujer,1,2023,2022,610,64008,12534,Liceo Colegio Metodista Robert Johnson,Alto Hospicio,CESFAM PEDRO PULGAR,1107,ESTABLECIMIENTOS MÉDICOS DE ATENCIÓN AMBULATORIA (CENTROS MÉDICOS),Atención de Enfermería
11386576,Mujer,1,2023,2022,610,64008,12534,Liceo Colegio Metodista Robert Johnson,Alto Hospicio,CENTRO MEDICO ALTO SALUD,1107,ESTABLECIMIENTOS MÉDICOS DE ATENCIÓN AMBULATORIA (CENTROS MÉDICOS),Atención de Enfermería
11596431,Mujer,1,2023,2022,610,64008,12534,Liceo Colegio Metodista Robert Johnson,Alto Hospicio,CECOSF EL BORO,1107,ESTABLECIMIENTOS MÉDICOS DE ATENCIÓN AMBULATORIA (CENTROS MÉDICOS),Atención de Enfermería
12246863,Mujer,1,2023,2022,610,64008,12534,Liceo Colegio Metodista Robert Johnson,Alto Hospicio,DIALISIS ALTO HOSPICIO,1107,ESTABLECIMIENTOS MÉDICOS DE ATENCIÓN AMBULATORIA (CENTROS MÉDICOS),Atención de Enfermería
12493276,Mujer,1,2023,2022,610,64008,12534,Liceo Colegio Metodista Robert Johnson,Alto Hospicio,LABORATORIO CLINICO BAESCO,1101,LABORATORIOS CLÍNICOS INCLUYE BANCOS DE SANGRE,Atención de Enfermería
12665747,Mujer,1,2023,2022,610,64008,12534,Liceo Colegio Metodista Robert Johnson,Alto Hospicio,CLINICA TARAPACÁ,1101,HOSPITALES Y CLÍNICAS,Atención de Enfermería
12824809,Mujer,1,2023,2020,610,64008,12534,Liceo Colegio Metodista Robert Johnson,Alto Hospicio,CLINICA TARAPACA,1101,HOSPITALES Y CLÍNICAS,Atención de Enfermería
12932089,Mujer,1,2023,2022,610,64008,12534,Liceo Colegio Metodista Robert Johnson,Alto Hospicio,ELEAM HUERTO DE PAZ,1107,"CLÍNICAS PSIQUIATRICAS, CENTROS DE REHABILITACIÓN, ASILOS Y CLÍNICAS DE REPOSO",Atención de Enfermería
13118535,Mujer,1,2023,2022,610,64008,12534,Liceo Colegio Metodista Robert Johnson,Alto Hospicio,CLINICA TARAPACÁ,1101,HOSPITALES Y CLÍNICAS,Atención de Enfermería
13635446,Mujer,1,2023,2022,610,64008,12534,Liceo Colegio Metodista Robert Johnson,Alto Hospicio,CECOSF EL BORO,1107,ESTABLECIMIENTOS MÉDICOS DE ATENCIÓN AMBULATORIA (CENTROS MÉDICOS),Atención de Enfermería
15091001,Hombre,1,2023,2020,610,64008,12534,Liceo Colegio Metodista Robert Johnson,Alto Hospicio,ELEAM HUERTO DE PAZ,1107,"CLÍNICAS PSIQUIATRICAS, CENTROS DE REHABILITACIÓN, ASILOS Y CLÍNICAS DE REPOSO",Atención de Enfermería
16302308,Mujer,1,2023,2022,610,64008,12534,Liceo Colegio Metodista Robert Johnson,Alto Hospicio,CLINICA TARAPACÁ,1101,HOSPITALES Y CLÍNICAS,Atención de Enfermería
16402187,Mujer,1,2023,2022,610,64008,12534,Liceo Colegio Metodista Robert Johnson,Alto Hospicio,CLINICA TARAPACÁ,1101,HOSPITALES Y CLÍNICAS,Atención de Enfermería
18070110,Mujer,1,2023,2022,610,64008,12534,Liceo Colegio Metodista Robert Johnson,Alto Hospicio,ELEAM HUERTO DE PAZ,1107,"CLÍNICAS PSIQUIATRICAS, CENTROS DE REHABILITACIÓN, ASILOS Y CLÍNICAS DE REPOSO",Atención de Enfermería
18433183,Mujer,1,2023,2022,610,64008,12534,Liceo Colegio Metodista Robert Johnson,Alto Hospicio,CESFAM PEDRO PULGAR,1107,ESTABLECIMIENTOS MÉDICOS DE ATENCIÓN AMBULATORIA (CENTROS MÉDICOS),Atención de Enfermería
18550944,Mujer,1,2023,2022,610,64008,12534,Liceo Colegio Metodista Robert Johnson,Alto Hospicio,CLINICA TARAPACA,1101,HOSPITALES Y CLÍNICAS,Atención de Enfermería
18780833,Mujer,1,2023,2022,610,64008,12534,Liceo Colegio Metodista Robert Johnson,Alto Hospicio,DIALISIS ALTO MEDICEN,1101,ESTABLECIMIENTOS MÉDICOS DE ATENCIÓN AMBULATORIA (CENTROS MÉDICOS),Atención de Enfermería
19342379,Hombre,1,2023,2022,610,64008,12534,Liceo Colegio Metodista Robert Johnson,Alto Hospicio,CLINICA TARAPACÁ,1101,HOSPITALES Y CLÍNICAS,Atención de Enfermería
19413300,Hombre,1,2023,2022,610,64008,12534,Liceo Colegio Metodista Robert Johnson,Alto Hospicio,ELEAM HUERTO DE PAZ,1107,"CLÍNICAS PSIQUIATRICAS, CENTROS DE REHABILITACIÓN, ASILOS Y CLÍNICAS DE REPOSO",Atención de Enfermería
19787263,Mujer,1,2023,2022,610,64008,12534,Liceo Colegio Metodista Robert Johnson,Alto Hospicio,CLINICA TARAPACÁ,1101,HOSPITALES Y CLÍNICAS,Atención de Enfermería
21446422,Mujer,1,2023,2022,610,64008,12534,Liceo Colegio Metodista Robert Johnson,Alto Hospicio,DIALISIS ALTO HOSPICIO,1107,ESTABLECIMIENTOS MÉDICOS DE ATENCIÓN AMBULATORIA (CENTROS MÉDICOS),Atención de Enfermería
21593022,Hombre,1,2023,2022,610,64008,12534,Liceo Colegio Metodista Robert Johnson,Alto Hospicio,CLINICA TARAPACA,1101,HOSPITALES Y CLÍNICAS,Atención de Enfermería
21940156,Mujer,1,2023,2022,610,64008,12534,Liceo Colegio Metodista Robert Johnson,Alto Hospicio,CLINICA TARAPACA,1101,HOSPITALES Y CLÍNICAS,Atención de Enfermería
22581384,Mujer,1,2023,2022,610,64008,12534,Liceo Colegio Metodista Robert Johnson,Alto Hospicio,ELEAM HUERTO DE PAZ,1107,"CLÍNICAS PSIQUIATRICAS, CENTROS DE REHABILITACIÓN, ASILOS Y CLÍNICAS DE REPOSO",Atención de Enfermería
22881268,Mujer,1,2023,2022,610,64008,12534,Liceo Colegio Metodista Robert Johnson,Alto Hospicio,CLINICA TARAPACÁ,1101,HOSPITALES Y CLÍNICAS,Atención de Enfermería
23088699,Mujer,1,2023,2022,610,64008,12534,Liceo Colegio Metodista Robert Johnson,Alto Hospicio,ELEAM HUERTO DE PAZ,1107,"CLÍNICAS PSIQUIATRICAS, CENTROS DE REHABILITACIÓN, ASILOS Y CLÍNICAS DE REPOSO",Atención de Enfermería
23733276,Mujer,1,2023,2022,610,64008,12534,Liceo Colegio Metodista Robert Johnson,Alto Hospicio,ELEAM HUERTO DE PAZ,1107,"CLÍNICAS PSIQUIATRICAS, CENTROS DE REHABILITACIÓN, ASILOS Y CLÍNICAS DE REPOSO",Atención de Enfermería
23866987,Hombre,1,2023,2022,610,64008,12534,Liceo Colegio Metodista Robert Johnson,Alto Hospicio,CLINICA TARAPACA,1101,HOSPITALES Y CLÍNICAS,Atención de Enfermería
24891971,Mujer,1,2023,2020,610,64008,12534,Liceo Colegio Metodista Robert Johnson,Alto Hospicio,ELEAM HUERTO DE PAZ,1107,"CLÍNICAS PSIQUIATRICAS, CENTROS DE REHABILITACIÓN, ASILOS Y CLÍNICAS DE REPOSO",Atención de Enfermería
25593987,Mujer,1,2023,2022,610,64008,12534,Liceo Colegio Metodista Robert Johnson,Alto Hospicio,CLINICA TARAPACÁ,1101,HOSPITALES Y CLÍNICAS,Atención de Enfermería
25974592,Hombre,1,2023,2022,610,64008,12534,Liceo Colegio Metodista Robert Johnson,Alto Hospicio,CESFAM POZO ALMONTE,1401,ESTABLECIMIENTOS MÉDICOS DE ATENCIÓN AMBULATORIA (CENTROS MÉDICOS),Atención de Enfermería
26259643,Mujer,1,2023,2022,610,64008,12534,Liceo Colegio Metodista Robert Johnson,Alto Hospicio,ELEAM HUERTO DE PAZ,1107,"CLÍNICAS PSIQUIATRICAS, CENTROS DE REHABILITACIÓN, ASILOS Y CLÍNICAS DE REPOSO",Atención de Enfermería
319862,Hombre,1,2023,2022,410,41005,12602,Escuela Básica y Parvularia Kronos School,Alto Hospicio,MINISTERIO PUBLICO,1107,ACTIVIDADES DE DEFENSA,Administración
589931,Mujer,1,2023,2022,410,41005,12602,Escuela Básica y Parvularia Kronos School,Alto Hospicio,ALTO SALUD SPA,1107,ESTABLECIMIENTOS MÉDICOS DE ATENCIÓN AMBULATORIA (CENTROS MÉDICOS),Administración
2697685,Mujer,1,2023,2022,410,41005,12602,Escuela Básica y Parvularia Kronos School,Alto Hospicio,COLEGIO METODISTA ROBERT JOHNSON,1107,ESTABLECIMIENTOS DE ENSEÑANZA SECUNDARIA DE FORMACIÓN TÉCNICA Y PROFESIONAL,Administración
5006979,Hombre,1,2023,2022,410,41005,12602,Escuela Básica y Parvularia Kronos School,Alto Hospicio,FUNFACION EDUCACIONAL KRONOS,1107,ESTABLECIMIENTOS DE ENSEÑANZA SECUNDARIA DE FORMACIÓN TÉCNICA Y PROFESIONAL,Administración
5596816,Mujer,1,2023,2022,410,41005,12602,Escuela Básica y Parvularia Kronos School,Alto Hospicio,ILUSTRE MUNICIPALIDAD DE ALTO HOSPICIO,1107,MUNICIPALIDADES,Administración
7819126,Hombre,1,2023,2022,410,41005,12602,Escuela Básica y Parvularia Kronos School,Alto Hospicio,ELECTROFRIO LIMITADA,1107,VENTA AL POR MAYOR DE COMBUSTIBLES GASEOSOS,Administración
7878451,Mujer,1,2023,2022,410,41005,12602,Escuela Básica y Parvularia Kronos School,Alto Hospicio,COLEGIO METODISTA ROBERT JOHNSON,1107,ESTABLECIMIENTOS DE ENSEÑANZA SECUNDARIA DE FORMACIÓN TÉCNICA Y PROFESIONAL,Administración
8756752,Mujer,1,2023,2022,410,41005,12602,Escuela Básica y Parvularia Kronos School,Alto Hospicio,JM SOLUTIONS CHILE,1107,SERVICIOS DE INGENIERÍA PRESTADOS POR EMPRESAS N.C.P.,Administración
11097064,Mujer,1,2023,2022,410,41005,12602,Escuela Básica y Parvularia Kronos School,Alto Hospicio,MEGA SHOPPING,1101,VENTA AL POR MAYOR DE OTROS ENSERES DOMÉSTICOS N.C.P.,Administración
11917810,Mujer,1,2023,2022,410,41005,12602,Escuela Básica y Parvularia Kronos School,Alto Hospicio,PUBLIKREACHILE SPA,1101,SERVICIOS PERSONALES EN PUBLICIDAD,Administración
12411855,Mujer,1,2023,2022,410,41005,12602,Escuela Básica y Parvularia Kronos School,Alto Hospicio,INSESA INGENIERIA Y SERVICIOS S.A.,1107,EMPRESAS DE SERVICIOS GEOLÓGICOS Y DE PROSPECCIÓN,Administración
14675405,Mujer,1,2023,2022,410,41005,12602,Escuela Básica y Parvularia Kronos School,Alto Hospicio,HERNAN DONATO CORNEJO SPA,1101,HOTELES,Administración
15292316,Hombre,1,2023,2022,410,41005,12602,Escuela Básica y Parvularia Kronos School,Alto Hospicio,FUNFACION EDUCACIONAL KRONOS,1107,ESTABLECIMIENTOS DE ENSEÑANZA SECUNDARIA DE FORMACIÓN TÉCNICA Y PROFESIONAL,Administración
15787526,Mujer,1,2023,2022,410,41005,12602,Escuela Básica y Parvularia Kronos School,Alto Hospicio,FUNFACION EDUCACIONAL KRONOS,1107,ESTABLECIMIENTOS DE ENSEÑANZA SECUNDARIA DE FORMACIÓN TÉCNICA Y PROFESIONAL,Administración
15853367,Mujer,1,2023,2022,410,41005,12602,Escuela Básica y Parvularia Kronos School,Alto Hospicio,COMERCIAL CONOTECH SPA,1101,SERVICIOS DE INGENIERÍA PRESTADOS POR PROFESIONALES N.C.P.,Administración
16368453,Hombre,1,2023,2022,410,41005,12602,Escuela Básica y Parvularia Kronos School,Alto Hospicio,JM SOLUTIONS CHILE,1107,SERVICIOS DE INGENIERÍA PRESTADOS POR EMPRESAS N.C.P.,Administración
16370446,Hombre,1,2023,2022,410,41005,12602,Escuela Básica y Parvularia Kronos School,Alto Hospicio,MINISTERIO PUBLICO,1107,ACTIVIDADES DE MANTENIMIENTO DEL ORDEN PÚBLICO Y DE SEGURIDAD,Administración
17383785,Mujer,1,2023,2022,410,41005,12602,Escuela Básica y Parvularia Kronos School,Alto Hospicio,VULCO S.A WEIR MINERALS,1107,SERVICIOS DE INGENIERÍA PRESTADOS POR PROFESIONALES N.C.P.,Administración
21097003,Mujer,1,2023,2022,410,41005,12602,Escuela Básica y Parvularia Kronos School,Alto Hospicio,SNA EDUCA LICEO BICENTENARIO MINERO JUAN PABLO II,1107,ESTABLECIMIENTOS DE ENSEÑANZA SECUNDARIA DE FORMACIÓN TÉCNICA Y PROFESIONAL,Administración
25737515,Mujer,1,2023,2022,410,41005,12602,Escuela Básica y Parvularia Kronos School,Alto Hospicio,ILUSTRE MUNICIPALIDAD DE ALTO HOSPICIO,1107,MUNICIPALIDADES,Administración
25761225,Mujer,1,2023,2022,410,41005,12602,Escuela Básica y Parvularia Kronos School,Alto Hospicio,ALTO SALUD SPA,1107,ESTABLECIMIENTOS MÉDICOS DE ATENCIÓN AMBULATORIA (CENTROS MÉDICOS),Administración
25977638,Mujer,1,2023,2022,410,41005,12602,Escuela Básica y Parvularia Kronos School,Alto Hospicio,ILUSTRE MUNICIPALIDAD DE ALTO HOSPICIO,1107,MUNICIPALIDADES,Administración
26067294,Mujer,1,2023,2022,410,41005,12602,Escuela Básica y Parvularia Kronos School,Alto Hospicio,ACL HORMIGONES,1107,"ELABORACIÓN DE HORMIGÓN, ARTÍCULOS DE HORMIGÓN Y MORTERO (MEZCLA PARA CONSTRUCCIÓN)",Administración
26305583,Hombre,1,2023,2021,410,41005,12602,Escuela Básica y Parvularia Kronos School,Alto Hospicio,SOCIEDAD SW TRASPORTES NORTRANS LIMITADA,1107,SERVICIOS DE TRANSPORTE DE TRABAJADORES,Administración
26361191,Mujer,1,2023,2022,410,41005,12602,Escuela Básica y Parvularia Kronos School,Alto Hospicio,INSESA INGENIERIA Y SERVICIOS S.A.,1107,SERVICIOS PROFESIONALES EN GEOLOGÍA Y PROSPECCIÓN,Administración
26373932,Mujer,1,2023,2022,410,41005,12602,Escuela Básica y Parvularia Kronos School,Alto Hospicio,ILUSTRE MUNICIPALIDAD DE ALTO HOSPICIO,1107,MUNICIPALIDADES,Administración
27093246,Mujer,1,2023,2022,410,41005,12602,Escuela Básica y Parvularia Kronos School,Alto Hospicio,ILUSTRE MUNICIPALIDAD DE ALTO HOSPICIO,1107,MUNICIPALIDADES,Administración
27129030,Mujer,1,2023,2022,410,41005,12602,Escuela Básica y Parvularia Kronos School,Alto Hospicio,COLEGIO METODISTA ROBERT JOHNSON,1107,ESTABLECIMIENTOS DE ENSEÑANZA SECUNDARIA DE FORMACIÓN TÉCNICA Y PROFESIONAL,Administración
27424912,Mujer,1,2023,2022,410,41005,12602,Escuela Básica y Parvularia Kronos School,Alto Hospicio,MINISTERIO PUBLICO,1107,ACTIVIDADES DE DEFENSA,Administración
27646331,Mujer,1,2023,2022,410,41005,12602,Escuela Básica y Parvularia Kronos School,Alto Hospicio,ILUSTRE MUNICIPALIDAD DE ALTO HOSPICIO,1107,MUNICIPALIDADES,Administración
27648677,Mujer,1,2023,2022,410,41005,12602,Escuela Básica y Parvularia Kronos School,Alto Hospicio,STEELMAX,1107,EMPRESAS DE SERVICIOS GEOLÓGICOS Y DE PROSPECCIÓN,Administración
1384436,Hombre,1,2023,2022,610,64008,40422,Colegio Nirvana,Alto Hospicio,CENTRO RADIOLOGICO NORTE GRANDE,1101,OTRAS ACTIVIDADES EMPRESARIALES RELACIONADAS CON LA SALUD HUMANA,Atención de Enfermería
2233958,Hombre,1,2023,2022,610,64008,40422,Colegio Nirvana,Alto Hospicio,HOGAR HUERTO DE PAZ,1107,"CLÍNICAS PSIQUIATRICAS, CENTROS DE REHABILITACIÓN, ASILOS Y CLÍNICAS DE REPOSO",Atención de Enfermería
3354601,Mujer,1,2023,2022,610,64008,40422,Colegio Nirvana,Alto Hospicio,CENTRO RADIOLOGICO NORTE GRANDE,1101,OTRAS ACTIVIDADES EMPRESARIALES RELACIONADAS CON LA SALUD HUMANA,Atención de Enfermería
4162649,Mujer,1,2023,2022,610,64008,40422,Colegio Nirvana,Alto Hospicio,HOGAR HUERTO DE PAZ,1107,"CLÍNICAS PSIQUIATRICAS, CENTROS DE REHABILITACIÓN, ASILOS Y CLÍNICAS DE REPOSO",Atención de Enfermería
4479105,Mujer,1,2023,2022,610,64008,40422,Colegio Nirvana,Alto Hospicio,HOGAR HUERTO DE PAZ,1107,"CLÍNICAS PSIQUIATRICAS, CENTROS DE REHABILITACIÓN, ASILOS Y CLÍNICAS DE REPOSO",Atención de Enfermería
5573159,Mujer,1,2023,2022,610,64008,40422,Colegio Nirvana,Alto Hospicio,CENTRO DE EVALUACIÓN MÉDICA CEM,1101,OTRAS ACTIVIDADES EMPRESARIALES RELACIONADAS CON LA SALUD HUMANA,Atención de Enfermería
7310962,Hombre,1,2023,2022,610,64008,40422,Colegio Nirvana,Alto Hospicio,CAMPOS CLINICOS. MUNICIPALIDAD ALTO HOSPICIO,1107,OTRAS ACTIVIDADES EMPRESARIALES RELACIONADAS CON LA SALUD HUMANA,Atención de Enfermería
7617438,Hombre,1,2023,2022,610,64008,40422,Colegio Nirvana,Alto Hospicio,HOGAR HUERTO DE PAZ,1107,OTRAS ACTIVIDADES EMPRESARIALES RELACIONADAS CON LA SALUD HUMANA,Atención de Enfermería
8684813,Hombre,1,2023,2022,610,64008,40422,Colegio Nirvana,Alto Hospicio,CAMPOS CLINICOS. MUNICIPALIDAD ALTO HOSPICIO,1107,OTRAS ACTIVIDADES EMPRESARIALES RELACIONADAS CON LA SALUD HUMANA,Atención de Enfermería
8870848,Mujer,1,2023,2022,610,64008,40422,Colegio Nirvana,Alto Hospicio,HOGAR HUERTO DE PAZ,1107,OTRAS ACTIVIDADES EMPRESARIALES RELACIONADAS CON LA SALUD HUMANA,Atención de Enfermería
9244698,Mujer,1,2023,2022,610,64008,40422,Colegio Nirvana,Alto Hospicio,CENTRO DE EVALUACIÓN MÉDICA CEM,1101,OTRAS ACTIVIDADES EMPRESARIALES RELACIONADAS CON LA SALUD HUMANA,Atención de Enfermería
9462523,Mujer,1,2023,2022,610,64008,40422,Colegio Nirvana,Alto Hospicio,HOGAR ANCIANOS RESIDENCIA DULCE COMPAÑIA,1107,OTRAS ACTIVIDADES EMPRESARIALES RELACIONADAS CON LA SALUD HUMANA,Atención de Enfermería
10757756,Mujer,1,2023,2022,610,64008,40422,Colegio Nirvana,Alto Hospicio,CAMPOS CLINICOS. MUNICIPALIDAD ALTO HOSPICIO,1107,ESTABLECIMIENTOS MÉDICOS DE ATENCIÓN AMBULATORIA (CENTROS MÉDICOS),Atención de Enfermería
10986760,Mujer,1,2023,2022,610,64008,40422,Colegio Nirvana,Alto Hospicio,HOGAR HUERTO DE PAZ,1107,OTRAS ACTIVIDADES EMPRESARIALES RELACIONADAS CON LA SALUD HUMANA,Atención de Enfermería
13159529,Mujer,1,2023,2022,610,64008,40422,Colegio Nirvana,Alto Hospicio,CAMPOS CLINICOS. MUNICIPALIDAD ALTO HOSPICIO,1107,OTRAS ACTIVIDADES EMPRESARIALES RELACIONADAS CON LA SALUD HUMANA,Atención de Enfermería
14578719,Hombre,1,2023,2022,610,64008,40422,Colegio Nirvana,Alto Hospicio,CENTRO DIALISIS ALTO HOSPICIO,1107,OTRAS ACTIVIDADES EMPRESARIALES RELACIONADAS CON LA SALUD HUMANA,Atención de Enfermería
14997980,Mujer,1,2023,2022,610,64008,40422,Colegio Nirvana,Alto Hospicio,CENTRO DE EVALUACIÓN MÉDICA CEM,1101,OTRAS ACTIVIDADES EMPRESARIALES RELACIONADAS CON LA SALUD HUMANA,Atención de Enfermería
15187845,Hombre,1,2023,2022,610,64008,40422,Colegio Nirvana,Alto Hospicio,HOGAR HUERTO DE PAZ,1107,"CLÍNICAS PSIQUIATRICAS, CENTROS DE REHABILITACIÓN, ASILOS Y CLÍNICAS DE REPOSO",Atención de Enfermería
15220001,Mujer,1,2023,2022,610,64008,40422,Colegio Nirvana,Alto Hospicio,HOGAR ANCIANOS RESIDENCIA DULCE COMPAÑIA,1107,OTRAS ACTIVIDADES EMPRESARIALES RELACIONADAS CON LA SALUD HUMANA,Atención de Enfermería
15369765,Mujer,1,2023,2022,610,64008,40422,Colegio Nirvana,Alto Hospicio,CENTRO DE EVALUACIÓN MÉDICA CEM,1101,OTRAS ACTIVIDADES EMPRESARIALES RELACIONADAS CON LA SALUD HUMANA,Atención de Enfermería
15518476,Mujer,1,2023,2022,610,64008,40422,Colegio Nirvana,Alto Hospicio,HOGAR HUERTO DE PAZ,1107,OTRAS ACTIVIDADES EMPRESARIALES RELACIONADAS CON LA SALUD HUMANA,Atención de Enfermería
16313800,Mujer,1,2023,2022,610,64008,40422,Colegio Nirvana,Alto Hospicio,CENTRO MEDICO ALTO SALUD,1107,OTRAS ACTIVIDADES EMPRESARIALES RELACIONADAS CON LA SALUD HUMANA,Atención de Enfermería
17449959,Mujer,1,2023,2022,610,64008,40422,Colegio Nirvana,Alto Hospicio,CENTRO RADIOLOGICO NORTE GRANDE,1101,OTRAS ACTIVIDADES EMPRESARIALES RELACIONADAS CON LA SALUD HUMANA,Atención de Enfermería
18689476,Mujer,1,2023,2022,610,64008,40422,Colegio Nirvana,Alto Hospicio,CAMPOS CLINICOS. MUNICIPALIDAD ALTO HOSPICIO,1107,OTRAS ACTIVIDADES EMPRESARIALES RELACIONADAS CON LA SALUD HUMANA,Atención de Enfermería
19306612,Mujer,1,2023,2022,610,64008,40422,Colegio Nirvana,Alto Hospicio,CAMPOS CLINICOS. MUNICIPALIDAD ALTO HOSPICIO,1107,OTRAS ACTIVIDADES EMPRESARIALES RELACIONADAS CON LA SALUD HUMANA,Atención de Enfermería
19967621,Hombre,1,2023,2022,610,64008,40422,Colegio Nirvana,Alto Hospicio,FAEN MEDICAL,1101,OTRAS ACTIVIDADES EMPRESARIALES RELACIONADAS CON LA SALUD HUMANA,Atención de Enfermería
20977844,Mujer,1,2023,2022,610,64008,40422,Colegio Nirvana,Alto Hospicio,HOGAR HUERTO DE PAZ,1107,"CLÍNICAS PSIQUIATRICAS, CENTROS DE REHABILITACIÓN, ASILOS Y CLÍNICAS DE REPOSO",Atención de Enfermería
22067815,Mujer,1,2023,2022,610,64008,40422,Colegio Nirvana,Alto Hospicio,CAMPOS CLINICOS. MUNICIPALIDAD ALTO HOSPICIO,1107,OTRAS ACTIVIDADES EMPRESARIALES RELACIONADAS CON LA SALUD HUMANA,Atención de Enfermería
23683256,Mujer,1,2023,2022,610,64008,40422,Colegio Nirvana,Alto Hospicio,CENTRO RADIOLOGICO NORTE GRANDE,1101,OTRAS ACTIVIDADES EMPRESARIALES RELACIONADAS CON LA SALUD HUMANA,Atención de Enfermería
24264333,Mujer,1,2023,2022,610,64008,40422,Colegio Nirvana,Alto Hospicio,HOGAR HUERTO DE PAZ,1107,OTRAS ACTIVIDADES EMPRESARIALES RELACIONADAS CON LA SALUD HUMANA,Atención de Enfermería
24443484,Mujer,1,2023,2022,610,64008,40422,Colegio Nirvana,Alto Hospicio,HOGAR HUERTO DE PAZ,1107,OTRAS ACTIVIDADES EMPRESARIALES RELACIONADAS CON LA SALUD HUMANA,Atención de Enfermería
25575263,Mujer,1,2023,2022,610,64008,40422,Colegio Nirvana,Alto Hospicio,CAMPOS CLINICOS. MUNICIPALIDAD ALTO HOSPICIO,1107,OTRAS ACTIVIDADES EMPRESARIALES RELACIONADAS CON LA SALUD HUMANA,Atención de Enfermería
25735672,Mujer,1,2023,2022,610,64008,40422,Colegio Nirvana,Alto Hospicio,HOGAR HUERTO DE PAZ,1107,OTRAS ACTIVIDADES EMPRESARIALES RELACIONADAS CON LA SALUD HUMANA,Atención de Enfermería
25825853,Mujer,1,2023,2022,610,64008,40422,Colegio Nirvana,Alto Hospicio,HOGAR HUERTO DE PAZ,1107,"CLÍNICAS PSIQUIATRICAS, CENTROS DE REHABILITACIÓN, ASILOS Y CLÍNICAS DE REPOSO",Atención de Enfermería
26145719,Mujer,1,2023,2022,610,64008,40422,Colegio Nirvana,Alto Hospicio,CAMPOS CLINICOS. MUNICIPALIDAD ALTO HOSPICIO,1107,ESTABLECIMIENTOS MÉDICOS DE ATENCIÓN AMBULATORIA (CENTROS MÉDICOS),Atención de Enfermería
27535047,Hombre,2,2023,2022,610,64008,40422,Colegio Nirvana,Alto Hospicio,CENTRO MEDICO ALTO SALUD,1107,OTRAS ACTIVIDADES EMPRESARIALES RELACIONADAS CON LA SALUD HUMANA,Atención de Enfermería
27535047,Hombre,2,2023,2022,610,64008,40422,Colegio Nirvana,Alto Hospicio,CENTRO MEDICO ALTO SALUD,1107,OTRAS ACTIVIDADES EMPRESARIALES RELACIONADAS CON LA SALUD HUMANA,Atención de Enfermería
27535047,Hombre,1,2023,2022,610,64008,40422,Colegio Nirvana,Alto Hospicio,ALTO SALUD,1107,OTRAS ACTIVIDADES EMPRESARIALES RELACIONADAS CON LA SALUD HUMANA,Atención de Enfermería
372779,Mujer,2,2024,2023,410,41005,161,Liceo de Huara,Huara,SCM COSAYACH,1401,EXTRACCIÓN DE NITRATOS Y YODO,Administración
372779,Mujer,1,2024,2023,410,41005,161,Liceo de Huara,Huara,SOC.COSAYACH,1401,EXTRACCIÓN DE NITRATOS Y YODO,Administración
2138840,Hombre,2,2024,2023,410,41005,161,Liceo de Huara,Huara,ILUSTRE MUNICIPALIDAD DE HUARA,1404,MUNICIPALIDADES,Administración
2138840,Hombre,1,2024,2023,410,41005,161,Liceo de Huara,Huara,ILUSTRE MUNICIPALIDAD DE HUARA,1404,MUNICIPALIDADES,Administración
3893895,Mujer,1,2024,2023,410,41005,161,Liceo de Huara,Huara,IMPOR. Y EXPOR POSI SPA,1101,VENTA AL POR MAYOR DE OTROS PRODUCTOS N.C.P.,Administración
4949996,Mujer,2,2024,2023,410,41005,161,Liceo de Huara,Huara,SCM CORPORACION DE DESARROLLO DEL NORTE,1404,EXTRACCIÓN DE NITRATOS Y YODO,Administración
4949996,Mujer,1,2024,2023,410,41005,161,Liceo de Huara,Huara,S.C.M. CORPORACION DE DESARROLLO DEL NORTE,1401,EXTRACCIÓN DE NITRATOS Y YODO,Administración
10334568,Hombre,2,2024,2023,410,41005,161,Liceo de Huara,Huara,SCM CORPORACION DE DESARROLLO DEL NORTE,1401,EXTRACCIÓN DE NITRATOS Y YODO,Administración
10334568,Hombre,1,2024,2023,410,41005,161,Liceo de Huara,Huara,SOC.COSAYAC,1401,EXTRACCIÓN DE NITRATOS Y YODO,Administración
12108514,Hombre,1,2024,2023,410,41005,161,Liceo de Huara,Huara,PISAGUA SUMERGUIDO,1404,"SERVICIOS RELACIONADOS CON LA PESCA, NO INCLUYE SERVICIOS PROFESIONALES",Administración
13027156,Mujer,2,2024,2023,410,41005,161,Liceo de Huara,Huara,SCM CORPORACION DE DESARROLLO DEL NORTE,1401,EXTRACCIÓN DE NITRATOS Y YODO,Administración
13027156,Mujer,1,2024,2023,410,41005,161,Liceo de Huara,Huara,S.C.M. CORPORACION DE DESARROLLO DEL NORTE,1401,EXTRACCIÓN DE NITRATOS Y YODO,Administración
13076724,Hombre,2,2024,2023,410,41005,161,Liceo de Huara,Huara,SCM COSAYACH,1404,EXTRACCIÓN DE NITRATOS Y YODO,Administración
13076724,Hombre,1,2024,2023,410,41005,161,Liceo de Huara,Huara,SOC.COSAYACH,1401,EXTRACCIÓN DE NITRATOS Y YODO,Administración
13124555,Mujer,2,2024,2021,410,41005,161,Liceo de Huara,Huara,ILUSTRE MUNICIPALIDAD DE HUARA,1404,MUNICIPALIDADES,Administración
13124555,Mujer,1,2024,2021,410,41005,161,Liceo de Huara,Huara,ILUSTRE MUNICIPALIDAD DE HUARA,1404,MUNICIPALIDADES,Administración
14091442,Mujer,2,2024,2023,410,41005,161,Liceo de Huara,Huara,ILUSTRE MUNICIPALIDAD DE HUARA,1404,MUNICIPALIDADES,Administración
14091442,Mujer,1,2024,2023,410,41005,161,Liceo de Huara,Huara,ILUSTRE MUNICIPALIDAD DE HUARA,1404,MUNICIPALIDADES,Administración
16963413,Mujer,2,2024,2020,410,41005,161,Liceo de Huara,Huara,ILUSTRE MUNICIPALIDAD DE HUARA,1404,MUNICIPALIDADES,Administración
16963413,Mujer,2,2024,2020,410,41005,161,Liceo de Huara,Huara,ILUSTRE MUNICIPALIDAD DE HUARA,1404,MUNICIPALIDADES,Administración
21415001,Hombre,1,2024,2023,410,41005,161,Liceo de Huara,Huara,SCM COSAYACH,1405,EXTRACCIÓN DE NITRATOS Y YODO,Administración
23002750,Hombre,2,2024,2023,410,41005,161,Liceo de Huara,Huara,SCM COSAYACH,1401,EXTRACCIÓN DE NITRATOS Y YODO,Administración
23002750,Hombre,1,2024,2023,410,41005,161,Liceo de Huara,Huara,SOC.COSAYACH,1401,EXTRACCIÓN DE NITRATOS Y YODO,Administración
23396318,Mujer,2,2024,2023,410,41005,161,Liceo de Huara,Huara,COSAYACH EXPORTADORA S.A.,1404,EXTRACCIÓN DE NITRATOS Y YODO,Administración
23396318,Mujer,1,2024,2023,410,41005,161,Liceo de Huara,Huara,SOC.COSAYACH EXPORTADORA S.A.,1401,EXTRACCIÓN DE NITRATOS Y YODO,Administración
24396339,Hombre,1,2024,2023,410,41005,161,Liceo de Huara,Huara,SCM CORPORACION DE DESARROLLO DEL NORTE,1404,EXTRACCIÓN DE NITRATOS Y YODO,Administración
26616731,Hombre,1,2024,2023,410,41005,161,Liceo de Huara,Huara,SOCIEDAD CONTRACTUAL MINERA COSAYACH,1404,EXTRACCIÓN DE OTROS MINERALES METALÍFEROS N.C.P.,Administración
27416513,Hombre,2,2024,2023,410,41005,161,Liceo de Huara,Huara,SCM CORPORACION DE DESARROLLO DEL NORTE,1404,EXTRACCIÓN DE NITRATOS Y YODO,Administración
27416513,Hombre,1,2024,2023,410,41005,161,Liceo de Huara,Huara,S.C.M. CORPORACION DE DESARROLLO DEL NORTE,1401,EXTRACCIÓN DE NITRATOS Y YODO,Administración
247874,Mujer,1,2024,2023,410,41005,191,Liceo Alcalde Sergio González Gutiérrez,Pozo Almonte,ILUSTRE MUNICIPALIDAD DE POZO ALMONTE,1401,MUNICIPALIDADES,Administración
431846,Mujer,1,2024,2023,410,41005,191,Liceo Alcalde Sergio González Gutiérrez,Pozo Almonte,CONSERVADOR DE BIENES RAICES ENZO GONZALEZ,1401,CONSERVADOR DE BIENES RAICES,Administración
639290,Mujer,1,2024,2022,410,41005,191,Liceo Alcalde Sergio González Gutiérrez,Pozo Almonte,EMPRESA ARCOPRIME,1401,"ALMACENES MEDIANOS (VENTA DE ALIMENTOS) SUPERMERCADOS, MINIMARKETS",Administración
966063,Mujer,1,2024,2023,410,41005,191,Liceo Alcalde Sergio González Gutiérrez,Pozo Almonte,ILUSTRE MUNICIPALIDAD DE POZO ALMONTE,1401,MUNICIPALIDADES,Administración
1043842,Hombre,1,2024,2023,410,41005,191,Liceo Alcalde Sergio González Gutiérrez,Pozo Almonte,ILUSTRE MUNICIPALIDAD DE POZO ALMONTE,1401,MUNICIPALIDADES,Administración
1349787,Hombre,1,2024,2023,410,41005,191,Liceo Alcalde Sergio González Gutiérrez,Pozo Almonte,ILUSTRE MUNICIPALIDAD DE POZO ALMONTE,1401,MUNICIPALIDADES,Administración
2806885,Mujer,1,2024,2023,410,41005,191,Liceo Alcalde Sergio González Gutiérrez,Pozo Almonte,EMPRESA FAMAE,1401,FABRICACIÓN DE OTROS PRODUCTOS MINERALES NO METÁLICOS N.C.P,Administración
3852781,Mujer,1,2024,2023,410,41005,191,Liceo Alcalde Sergio González Gutiérrez,Pozo Almonte,NOTARIA CORDANO,1401,SERVICIO NOTARIAL,Administración
4427899,Mujer,2,2024,2023,410,41005,191,Liceo Alcalde Sergio González Gutiérrez,Pozo Almonte,SOCIEDAD DE TRANSPORTES ILZAUSPE,1401,TRANSPORTE DE CARGA POR CARRETERA,Administración
4427899,Mujer,1,2024,2023,410,41005,191,Liceo Alcalde Sergio González Gutiérrez,Pozo Almonte,EMPRESA ILZAUSPE,1401,TRANSPORTE DE CARGA POR CARRETERA,Administración
4567627,Mujer,1,2024,2023,410,41005,191,Liceo Alcalde Sergio González Gutiérrez,Pozo Almonte,CORPORACION  MUNICIPAL DE DESARROLLO SOCIAL,1401,MUNICIPALIDADES,Administración
4738968,Mujer,1,2024,2023,410,41005,191,Liceo Alcalde Sergio González Gutiérrez,Pozo Almonte,EMPRESA VALNICO LTDA,1401,SERVICIOS DE ARQUITECTURA Y TÉCNICO RELACIONADO,Administración
4889168,Mujer,1,2024,2023,410,41005,191,Liceo Alcalde Sergio González Gutiérrez,Pozo Almonte,CORPORACION  MUNICIPAL DE DESARROLLO SOCIAL,1401,MUNICIPALIDADES,Administración
5016795,Mujer,1,2024,2023,410,41005,191,Liceo Alcalde Sergio González Gutiérrez,Pozo Almonte,CORPORACION  MUNICIPAL DE DESARROLLO SOCIAL,1401,MUNICIPALIDADES,Administración
6200632,Mujer,1,2024,2023,410,41005,191,Liceo Alcalde Sergio González Gutiérrez,Pozo Almonte,ABBA MULTISERVICIOS SPA,1401,SERVICIOS DE ARQUITECTURA Y TÉCNICO RELACIONADO,Administración
6264955,Mujer,2,2024,2023,410,41005,191,Liceo Alcalde Sergio González Gutiérrez,Pozo Almonte,DESARMADURIA Y REPUESTOS EL IMPERIO SPA,7101,"VENTA DE PARTES, PIEZAS Y ACCESORIOS DE VEHÍCULOS AUTOMOTORES",Administración
6264955,Mujer,1,2024,2023,410,41005,191,Liceo Alcalde Sergio González Gutiérrez,Pozo Almonte,DESARMADURIA Y REPUESTOS EL IMPERIO SPA,7101,"VENTA DE PARTES, PIEZAS Y ACCESORIOS DE VEHÍCULOS AUTOMOTORES",Administración
7002102,Hombre,1,2024,2023,410,41005,191,Liceo Alcalde Sergio González Gutiérrez,Pozo Almonte,EMPRESA SQM INDUSTRIAL,1401,EXTRACCIÓN DE NITRATOS Y YODO,Administración
7501382,Mujer,1,2024,2023,410,41005,191,Liceo Alcalde Sergio González Gutiérrez,Pozo Almonte,CORPORACION  MUNICIPAL DE DESARROLLO SOCIAL,1401,MUNICIPALIDADES,Administración
9070196,Hombre,2,2024,2023,410,41005,191,Liceo Alcalde Sergio González Gutiérrez,Pozo Almonte,EMPRESA SQM INDUSTRIAL,1401,EXTRACCIÓN DE NITRATOS Y YODO,Administración
9070196,Hombre,2,2024,2023,410,41005,191,Liceo Alcalde Sergio González Gutiérrez,Pozo Almonte,EMPRESA SQM S.A.,1401,EXTRACCIÓN DE NITRATOS Y YODO,Administración
9070196,Hombre,1,2024,2023,410,41005,191,Liceo Alcalde Sergio González Gutiérrez,Pozo Almonte,EMPRESA SQM INDUSTRIAL,1401,EXTRACCIÓN DE NITRATOS Y YODO,Administración
9146647,Hombre,1,2024,2023,410,41005,191,Liceo Alcalde Sergio González Gutiérrez,Pozo Almonte,ILUSTRE MUNICIPALIDAD DE POZO ALMONTE,1401,MUNICIPALIDADES,Administración
9180150,Hombre,1,2024,2023,410,41005,191,Liceo Alcalde Sergio González Gutiérrez,Pozo Almonte,EMPRESA INGENIERIA  Y MONTAJE FERROVIAL,1401,TRANSPORTE DE CARGA POR CARRETERA,Administración
9299769,Hombre,1,2024,2023,410,41005,191,Liceo Alcalde Sergio González Gutiérrez,Pozo Almonte,ABBA MULTISERVICIOS SPA,1401,"PREPARACIÓN DEL TERRENO, EXCAVACIONES Y MOVIMIENTOS DE TIERRAS",Administración
11136424,Hombre,1,2024,2023,410,41005,191,Liceo Alcalde Sergio González Gutiérrez,Pozo Almonte,EMPRESA TERMONORT LTDA,1401,"OBRAS MENORES EN CONSTRUCCIÓN (CONTRATISTAS, ALBANILES, CARPINTEROS)",Administración
11212487,Mujer,1,2024,2023,410,41005,191,Liceo Alcalde Sergio González Gutiérrez,Pozo Almonte,ILUSTRE MUNICIPALIDAD DE POZO ALMONTE,1401,MUNICIPALIDADES,Administración
11273987,Mujer,2,2024,2023,410,41005,191,Liceo Alcalde Sergio González Gutiérrez,Pozo Almonte,EMPRESA DE TRNASPORTES ILZAUSPE,1401,TRANSPORTE DE CARGA POR CARRETERA,Administración
11273987,Mujer,1,2024,2023,410,41005,191,Liceo Alcalde Sergio González Gutiérrez,Pozo Almonte,SOCIEDAD DE TRANSPORTES ILZAUSPE,1401,TRANSPORTE DE CARGA POR CARRETERA,Administración
11661811,Hombre,2,2024,2023,410,41005,191,Liceo Alcalde Sergio González Gutiérrez,Pozo Almonte,EMPRESA SQM S.A,1401,EXTRACCIÓN DE NITRATOS Y YODO,Administración
11661811,Hombre,1,2024,2023,410,41005,191,Liceo Alcalde Sergio González Gutiérrez,Pozo Almonte,EMPRESA SQM S.A.,1401,EXTRACCIÓN DE NITRATOS Y YODO,Administración
13110054,Hombre,1,2024,2023,410,41005,191,Liceo Alcalde Sergio González Gutiérrez,Pozo Almonte,ILUSTRE MUNICIPALIDAD DE POZO ALMONTE,1401,MUNICIPALIDADES,Administración
14285607,Hombre,1,2024,2023,410,41005,191,Liceo Alcalde Sergio González Gutiérrez,Pozo Almonte,CORPORACIÓN MUNICIPAL DE DESARROLLO SOCIAL DE POZO ALMONTE,1401,MUNICIPALIDADES,Administración
14862074,Mujer,1,2024,2023,410,41005,191,Liceo Alcalde Sergio González Gutiérrez,Pozo Almonte,CORPORACION  MUNICIPAL DE DESARROLLO SOCIAL,1401,MUNICIPALIDADES,Administración
15077235,Mujer,1,2024,2023,410,41005,191,Liceo Alcalde Sergio González Gutiérrez,Pozo Almonte,EMPRESA DE TRANSPORTES ILZAUSPE,1401,TRANSPORTE DE CARGA POR CARRETERA,Administración
15551591,Hombre,2,2024,2023,410,41005,191,Liceo Alcalde Sergio González Gutiérrez,Pozo Almonte,EMPRESA SQM INDUSTRIAL,1401,EXTRACCIÓN DE NITRATOS Y YODO,Administración
15551591,Hombre,1,2024,2023,410,41005,191,Liceo Alcalde Sergio González Gutiérrez,Pozo Almonte,EMPRESA SQM S.A.,1401,EXTRACCIÓN DE NITRATOS Y YODO,Administración
15957663,Hombre,1,2024,2023,410,41005,191,Liceo Alcalde Sergio González Gutiérrez,Pozo Almonte,EMPRESA SCM CORPORACION DE DESARROLLO DEL NORTE,1401,EXTRACCIÓN DE NITRATOS Y YODO,Administración
16050946,Mujer,1,2024,2023,410,41005,191,Liceo Alcalde Sergio González Gutiérrez,Pozo Almonte,INGENIERA Y MONTAJE FERROVIAL S.A,1401,TRANSPORTE DE CARGA POR CARRETERA,Administración
16783113,Hombre,2,2024,2023,410,41005,191,Liceo Alcalde Sergio González Gutiérrez,Pozo Almonte,EMPRESA SCM CORPORACION DE DESARROLLO DEL NORTE,1401,EXTRACCIÓN DE NITRATOS Y YODO,Administración
16783113,Hombre,1,2024,2023,410,41005,191,Liceo Alcalde Sergio González Gutiérrez,Pozo Almonte,SCM CORPORACION DESARROLLO DEL NORTE,1401,FABRICACIÓN DE PRODUCTOS METÁLICOS DE USO ESTRUCTURAL,Administración
17481800,Mujer,1,2024,2023,410,41005,191,Liceo Alcalde Sergio González Gutiérrez,Pozo Almonte,EMPRESA ESMERO CORTES ROJAS,1401,OBRAS DE INGENIERÍA,Administración
17649070,Hombre,1,2024,2023,410,41005,191,Liceo Alcalde Sergio González Gutiérrez,Pozo Almonte,ILUSTRE MUNICIPALIDAD DE POZO ALMONTE,1401,MUNICIPALIDADES,Administración
17653527,Mujer,1,2024,2023,410,41005,191,Liceo Alcalde Sergio González Gutiérrez,Pozo Almonte,EMPRESA MICARU E.I.E,1401,ESTABLECIMIENTOS DE ENSEÑANZA PRIMARIA,Administración
18478298,Hombre,1,2024,2023,410,41005,191,Liceo Alcalde Sergio González Gutiérrez,Pozo Almonte,EMPRESA MICARU E.I.E,1401,ESTABLECIMIENTOS DE ENSEÑANZA PRIMARIA,Administración
18608638,Mujer,1,2024,2023,410,41005,191,Liceo Alcalde Sergio González Gutiérrez,Pozo Almonte,EMPRESA FAMAE,1401,FABRICACIÓN DE OTROS PRODUCTOS MINERALES NO METÁLICOS N.C.P,Administración
18627310,Hombre,1,2024,2023,410,41005,191,Liceo Alcalde Sergio González Gutiérrez,Pozo Almonte,EMPRESA MS ELECTRIC SPA,4204,OBRAS DE INGENIERÍA,Administración
19288643,Mujer,1,2024,2023,410,41005,191,Liceo Alcalde Sergio González Gutiérrez,Pozo Almonte,SERVICIOS INTEGRALES INCOMAQ SPA,1401,"PREPARACIÓN DEL TERRENO, EXCAVACIONES Y MOVIMIENTOS DE TIERRAS",Administración
19927306,Mujer,1,2024,2023,410,41005,191,Liceo Alcalde Sergio González Gutiérrez,Pozo Almonte,EMPRESA SCM CORPORACION DE DESARROLLO DEL NORTE,1401,EXTRACCIÓN DE NITRATOS Y YODO,Administración
20761902,Mujer,1,2024,2023,410,41005,191,Liceo Alcalde Sergio González Gutiérrez,Pozo Almonte,EMPRESA DE TRANSPORTES ILZAUSPE,1401,TRANSPORTE DE CARGA POR CARRETERA,Administración
20907087,Hombre,1,2024,2023,410,41005,191,Liceo Alcalde Sergio González Gutiérrez,Pozo Almonte,CORPORACION  MUNICIPAL DE DESARROLLO SOCIAL,1401,MUNICIPALIDADES,Administración
20955308,Mujer,1,2024,2023,410,41005,191,Liceo Alcalde Sergio González Gutiérrez,Pozo Almonte,NOTARIA CORDANO,1401,SERVICIO NOTARIAL,Administración
20975791,Mujer,1,2024,2023,410,41005,191,Liceo Alcalde Sergio González Gutiérrez,Pozo Almonte,EMPRESA VALNICO LTDA,1401,SERVICIOS DE ARQUITECTURA Y TÉCNICO RELACIONADO,Administración
21175327,Hombre,1,2024,2023,410,41005,191,Liceo Alcalde Sergio González Gutiérrez,Pozo Almonte,CORPORACION  MUNICIPAL DE DESARROLLO SOCIAL,1401,MUNICIPALIDADES,Administración
21663330,Hombre,1,2024,2023,410,41005,191,Liceo Alcalde Sergio González Gutiérrez,Pozo Almonte,ILUSTRE MUNICIPALIDAD DE POZO ALMONTE,1401,MUNICIPALIDADES,Administración
21713430,Mujer,1,2024,2023,410,41005,191,Liceo Alcalde Sergio González Gutiérrez,Pozo Almonte,SERVICIOS INTEGRALES INCOMAQ SPA,1401,OBRAS DE INGENIERÍA,Administración
21847560,Mujer,1,2024,2023,410,41005,191,Liceo Alcalde Sergio González Gutiérrez,Pozo Almonte,SERVICIOS INTEGRALES INCOMAQ SPA,1401,"PREPARACIÓN DEL TERRENO, EXCAVACIONES Y MOVIMIENTOS DE TIERRAS",Administración
22221902,Mujer,1,2024,2023,410,41005,191,Liceo Alcalde Sergio González Gutiérrez,Pozo Almonte,SERVICIOS INTEGRALES INCOMAQ SPA,1401,OBRAS DE INGENIERÍA,Administración
22336001,Mujer,2,2024,2023,410,41005,191,Liceo Alcalde Sergio González Gutiérrez,Pozo Almonte,EMPRESA SQM INDUSTRIAL,1401,EXTRACCIÓN DE NITRATOS Y YODO,Administración
22336001,Mujer,1,2024,2023,410,41005,191,Liceo Alcalde Sergio González Gutiérrez,Pozo Almonte,EMPRESA SQM S.A.,1401,EXTRACCIÓN DE NITRATOS Y YODO,Administración
23410822,Hombre,2,2024,2023,410,41005,191,Liceo Alcalde Sergio González Gutiérrez,Pozo Almonte,EMPRESA SQM S.A,1401,EXTRACCIÓN DE NITRATOS Y YODO,Administración
23410822,Hombre,1,2024,2023,410,41005,191,Liceo Alcalde Sergio González Gutiérrez,Pozo Almonte,EMPRESA SQM S.A.,1401,EXTRACCIÓN DE NITRATOS Y YODO,Administración
23774463,Hombre,1,2024,2023,410,41005,191,Liceo Alcalde Sergio González Gutiérrez,Pozo Almonte,EMPRESA FAMAE,1401,FABRICACIÓN DE PRODUCTOS METÁLICOS DE USO ESTRUCTURAL,Administración
23937041,Mujer,1,2024,2023,410,41005,191,Liceo Alcalde Sergio González Gutiérrez,Pozo Almonte,ILUSTRE MUNICIPALIDAD DE POZO ALMONTE,1401,MUNICIPALIDADES,Administración
24227648,Mujer,2,2024,2023,410,41005,191,Liceo Alcalde Sergio González Gutiérrez,Pozo Almonte,EMPRESA SQM S.A,1401,EXTRACCIÓN DE NITRATOS Y YODO,Administración
24227648,Mujer,1,2024,2023,410,41005,191,Liceo Alcalde Sergio González Gutiérrez,Pozo Almonte,EMPRESA SQM S.A.,1401,EXTRACCIÓN DE NITRATOS Y YODO,Administración
24865487,Mujer,1,2024,2023,410,41005,191,Liceo Alcalde Sergio González Gutiérrez,Pozo Almonte,EMPRESA MINETEC S.A,1401,FABRICACIÓN DE OTROS PRODUCTOS MINERALES NO METÁLICOS N.C.P,Administración
25134034,Hombre,2,2024,2023,410,41005,191,Liceo Alcalde Sergio González Gutiérrez,Pozo Almonte,SCM COSAYACH YODO,1401,EXTRACCIÓN DE NITRATOS Y YODO,Administración
25134034,Hombre,1,2024,2023,410,41005,191,Liceo Alcalde Sergio González Gutiérrez,Pozo Almonte,EMPRESA SCM CORPORACION DE DESARROLLO DEL NORTE,1401,EXTRACCIÓN DE NITRATOS Y YODO,Administración
25461812,Mujer,1,2024,2023,410,41005,191,Liceo Alcalde Sergio González Gutiérrez,Pozo Almonte,SERCOTEC,1401,GOBIERNO CENTRAL,Administración
25464328,Mujer,2,2024,2023,410,41005,191,Liceo Alcalde Sergio González Gutiérrez,Pozo Almonte,CORPORACION  MUNICIPAL DE DESARROLLO SOCIAL,1401,MUNICIPALIDADES,Administración
25464328,Mujer,1,2024,2023,410,41005,191,Liceo Alcalde Sergio González Gutiérrez,Pozo Almonte,CORPORACION  MUNICIPAL DE DESARROLLO SOCIAL,1401,MUNICIPALIDADES,Administración
25734676,Mujer,1,2024,2023,410,41005,191,Liceo Alcalde Sergio González Gutiérrez,Pozo Almonte,ILUSTRE MUNICIPALIDAD DE POZO ALMONTE,1401,MUNICIPALIDADES,Administración
25737940,Hombre,1,2024,2023,410,41005,191,Liceo Alcalde Sergio González Gutiérrez,Pozo Almonte,CORPORACION  MUNICIPAL DE DESARROLLO SOCIAL,1401,MUNICIPALIDADES,Administración
26946226,Mujer,1,2024,2023,410,41005,191,Liceo Alcalde Sergio González Gutiérrez,Pozo Almonte,CONSERVADOR DE BIENES RAICES ENZO GONZALEZ,1401,CONSERVADOR DE BIENES RAICES,Administración
27414724,Hombre,1,2024,2022,410,41005,191,Liceo Alcalde Sergio González Gutiérrez,Pozo Almonte,EMPRESA MINETEC,1401,"REPARACIÓN DE TANQUES, DEPÓSITOS Y RECIPIENTES DE METAL",Administración
27415821,Mujer,1,2024,2023,410,41005,191,Liceo Alcalde Sergio González Gutiérrez,Pozo Almonte,EMPRESA VALNICO LTDA,1401,SERVICIOS DE ARQUITECTURA Y TÉCNICO RELACIONADO,Administración
27423714,Mujer,2,2024,2023,410,41005,191,Liceo Alcalde Sergio González Gutiérrez,Pozo Almonte,EMPRESA SQM INDUSTRIAL,1401,EXTRACCIÓN DE NITRATOS Y YODO,Administración
27423714,Mujer,1,2024,2023,410,41005,191,Liceo Alcalde Sergio González Gutiérrez,Pozo Almonte,EMPRESA SQM S.A.,1401,EXTRACCIÓN DE NITRATOS Y YODO,Administración
27569001,Hombre,1,2024,2023,410,41005,191,Liceo Alcalde Sergio González Gutiérrez,Pozo Almonte,SERCOTEC CENTRO DE NEGOCIOS TAMARUGAL,1401,ASESORÍAS EN LA GESTIÓN DE LA COMPRA O VENTA DE PEQUENAS Y MEDIANAS EMPRESAS,Administración
27591588,Mujer,2,2024,2023,410,41005,191,Liceo Alcalde Sergio González Gutiérrez,Pozo Almonte,ARCOPRIME LTDA,1401,"ALMACENES MEDIANOS (VENTA DE ALIMENTOS) SUPERMERCADOS, MINIMARKETS",Administración
27591588,Mujer,1,2024,2023,410,41005,191,Liceo Alcalde Sergio González Gutiérrez,Pozo Almonte,EMPRESA PRONTO COPEC,1401,"VENTA AL POR MENOR DE PRODUCTOS DE CONFITERÍAS, CIGARRILLOS, Y OTROS",Administración
1799857,Mujer,1,2024,2023,610,64008,12534,Liceo Colegio Metodista Robert Johnson,Alto Hospicio,CESFAM PEDRO PULGAR,1107,ESTABLECIMIENTOS MÉDICOS DE ATENCIÓN AMBULATORIA (CENTROS MÉDICOS),Atención de Enfermería
2095549,Mujer,1,2024,2023,610,64008,12534,Liceo Colegio Metodista Robert Johnson,Alto Hospicio,ELEAM HUERTO DE PAZ,1107,"CLÍNICAS PSIQUIATRICAS, CENTROS DE REHABILITACIÓN, ASILOS Y CLÍNICAS DE REPOSO",Atención de Enfermería
2661063,Mujer,1,2024,2023,610,64008,12534,Liceo Colegio Metodista Robert Johnson,Alto Hospicio,DIALISIS PAUL HARRIS,1101,ESTABLECIMIENTOS MÉDICOS DE ATENCIÓN AMBULATORIA (CENTROS MÉDICOS),Atención de Enfermería
3068714,Hombre,1,2024,2023,610,64008,12534,Liceo Colegio Metodista Robert Johnson,Alto Hospicio,ELEAM HUERTO DE PAZ,1107,"CLÍNICAS PSIQUIATRICAS, CENTROS DE REHABILITACIÓN, ASILOS Y CLÍNICAS DE REPOSO",Atención de Enfermería
3432575,Mujer,1,2024,2023,610,64008,12534,Liceo Colegio Metodista Robert Johnson,Alto Hospicio,ELEAM HUERTO DE PAZ,1107,"CLÍNICAS PSIQUIATRICAS, CENTROS DE REHABILITACIÓN, ASILOS Y CLÍNICAS DE REPOSO",Atención de Enfermería
4883174,Mujer,1,2024,2023,610,64008,12534,Liceo Colegio Metodista Robert Johnson,Alto Hospicio,CLINICA TARAPACÁ,1101,HOSPITALES Y CLÍNICAS,Atención de Enfermería
5148726,Mujer,1,2024,2023,610,64008,12534,Liceo Colegio Metodista Robert Johnson,Alto Hospicio,DIALISIS ALTO HOSPICIO,1107,ESTABLECIMIENTOS MÉDICOS DE ATENCIÓN AMBULATORIA (CENTROS MÉDICOS),Atención de Enfermería
5217984,Mujer,1,2024,2023,610,64008,12534,Liceo Colegio Metodista Robert Johnson,Alto Hospicio,ELEAM HUERTO DE PAZ,1107,"CLÍNICAS PSIQUIATRICAS, CENTROS DE REHABILITACIÓN, ASILOS Y CLÍNICAS DE REPOSO",Atención de Enfermería
5515833,Mujer,1,2024,2023,610,64008,12534,Liceo Colegio Metodista Robert Johnson,Alto Hospicio,CLINICA TARAPACÁ,1101,HOSPITALES Y CLÍNICAS,Atención de Enfermería
6140379,Hombre,1,2024,2023,610,64008,12534,Liceo Colegio Metodista Robert Johnson,Alto Hospicio,ELEAM HUERTO DE PAZ,1107,"CLÍNICAS PSIQUIATRICAS, CENTROS DE REHABILITACIÓN, ASILOS Y CLÍNICAS DE REPOSO",Atención de Enfermería
6213914,Mujer,1,2024,2023,610,64008,12534,Liceo Colegio Metodista Robert Johnson,Alto Hospicio,CLINICA TARAPACÁ,1101,HOSPITALES Y CLÍNICAS,Atención de Enfermería
6472118,Hombre,1,2024,2023,610,64008,12534,Liceo Colegio Metodista Robert Johnson,Alto Hospicio,CENTRO DE DIALISIS PAUL HARRIS,1101,SERVICIOS DE MÉDICOS EN FORMA INDEPENDIENTE,Atención de Enfermería
6979368,Mujer,1,2024,2023,610,64008,12534,Liceo Colegio Metodista Robert Johnson,Alto Hospicio,ELEAM HUERTO DE PAZ,1107,"CLÍNICAS PSIQUIATRICAS, CENTROS DE REHABILITACIÓN, ASILOS Y CLÍNICAS DE REPOSO",Atención de Enfermería
7328611,Mujer,1,2024,2023,610,64008,12534,Liceo Colegio Metodista Robert Johnson,Alto Hospicio,ELEAM HUERTO DE PAZ,1107,"CLÍNICAS PSIQUIATRICAS, CENTROS DE REHABILITACIÓN, ASILOS Y CLÍNICAS DE REPOSO",Atención de Enfermería
7695374,Hombre,1,2024,2023,610,64008,12534,Liceo Colegio Metodista Robert Johnson,Alto Hospicio,LABORATORIO BAESCO,1101,LABORATORIOS CLÍNICOS INCLUYE BANCOS DE SANGRE,Atención de Enfermería
7854057,Hombre,1,2024,2023,610,64008,12534,Liceo Colegio Metodista Robert Johnson,Alto Hospicio,CENTRO DIALISIS PAUL HARRIS,1101,ESTABLECIMIENTOS MÉDICOS DE ATENCIÓN AMBULATORIA (CENTROS MÉDICOS),Atención de Enfermería
8357147,Mujer,1,2024,2023,610,64008,12534,Liceo Colegio Metodista Robert Johnson,Alto Hospicio,ELEAM HUERTO DE PAZ,1107,"CLÍNICAS PSIQUIATRICAS, CENTROS DE REHABILITACIÓN, ASILOS Y CLÍNICAS DE REPOSO",Atención de Enfermería
8490789,Mujer,1,2024,2023,610,64008,12534,Liceo Colegio Metodista Robert Johnson,Alto Hospicio,CLINICA TARAPACÁ,1101,HOSPITALES Y CLÍNICAS,Atención de Enfermería
9233509,Mujer,1,2024,2023,610,64008,12534,Liceo Colegio Metodista Robert Johnson,Alto Hospicio,CESFAM PEDRO PULGAR,1107,ESTABLECIMIENTOS MÉDICOS DE ATENCIÓN AMBULATORIA (CENTROS MÉDICOS),Atención de Enfermería
9411486,Mujer,1,2024,2023,610,64008,12534,Liceo Colegio Metodista Robert Johnson,Alto Hospicio,CENTRO DE DIALISIS ALTO HOSPICIO,1107,ESTABLECIMIENTOS MÉDICOS DE ATENCIÓN AMBULATORIA (CENTROS MÉDICOS),Atención de Enfermería
9628168,Hombre,1,2024,2023,610,64008,12534,Liceo Colegio Metodista Robert Johnson,Alto Hospicio,ELEAM HUERTO DE PAZ,1107,"CLÍNICAS PSIQUIATRICAS, CENTROS DE REHABILITACIÓN, ASILOS Y CLÍNICAS DE REPOSO",Atención de Enfermería
10308343,Mujer,1,2024,2023,610,64008,12534,Liceo Colegio Metodista Robert Johnson,Alto Hospicio,ELEAM HUERTO DE PAZ,1107,"CLÍNICAS PSIQUIATRICAS, CENTROS DE REHABILITACIÓN, ASILOS Y CLÍNICAS DE REPOSO",Atención de Enfermería
10348327,Mujer,1,2024,2023,610,64008,12534,Liceo Colegio Metodista Robert Johnson,Alto Hospicio,CLINICA TARAPACÁ,1101,"CLÍNICAS PSIQUIATRICAS, CENTROS DE REHABILITACIÓN, ASILOS Y CLÍNICAS DE REPOSO",Atención de Enfermería
10643819,Mujer,1,2024,2023,610,64008,12534,Liceo Colegio Metodista Robert Johnson,Alto Hospicio,CLINICA TARAPACÁ,1101,HOSPITALES Y CLÍNICAS,Atención de Enfermería
12050362,Hombre,1,2024,2023,610,64008,12534,Liceo Colegio Metodista Robert Johnson,Alto Hospicio,LABORATORIO CLINICO BAESCO,1101,LABORATORIOS CLÍNICOS INCLUYE BANCOS DE SANGRE,Atención de Enfermería
12110956,Mujer,1,2024,2023,610,64008,12534,Liceo Colegio Metodista Robert Johnson,Alto Hospicio,CESFAM PEDRO PULGAR,1107,ESTABLECIMIENTOS MÉDICOS DE ATENCIÓN AMBULATORIA (CENTROS MÉDICOS),Atención de Enfermería
12679345,Mujer,1,2024,2023,610,64008,12534,Liceo Colegio Metodista Robert Johnson,Alto Hospicio,CENTRO DE DIALISIS PAUL HARRIS,1101,ESTABLECIMIENTOS MÉDICOS DE ATENCIÓN AMBULATORIA (CENTROS MÉDICOS),Atención de Enfermería
14045353,Mujer,1,2024,2023,610,64008,12534,Liceo Colegio Metodista Robert Johnson,Alto Hospicio,ELEAM HUERTO DE PAZ,1107,"CLÍNICAS PSIQUIATRICAS, CENTROS DE REHABILITACIÓN, ASILOS Y CLÍNICAS DE REPOSO",Atención de Enfermería
14324996,Mujer,1,2024,2023,610,64008,12534,Liceo Colegio Metodista Robert Johnson,Alto Hospicio,ELEAM HUERTO DE PAZ,1107,"CLÍNICAS PSIQUIATRICAS, CENTROS DE REHABILITACIÓN, ASILOS Y CLÍNICAS DE REPOSO",Atención de Enfermería
15537268,Mujer,1,2024,2023,610,64008,12534,Liceo Colegio Metodista Robert Johnson,Alto Hospicio,CLINICA TARAPACÁ,1101,HOSPITALES Y CLÍNICAS,Atención de Enfermería
16071242,Mujer,1,2024,2023,610,64008,12534,Liceo Colegio Metodista Robert Johnson,Alto Hospicio,CLINICA TARAPACÁ,1101,HOSPITALES Y CLÍNICAS,Atención de Enfermería
17239512,Mujer,1,2024,2023,610,64008,12534,Liceo Colegio Metodista Robert Johnson,Alto Hospicio,CLINICA TARAPACÁ,1101,HOSPITALES Y CLÍNICAS,Atención de Enfermería
18218930,Mujer,1,2024,2023,610,64008,12534,Liceo Colegio Metodista Robert Johnson,Alto Hospicio,CLINICA TARAPACÁ,1101,HOSPITALES Y CLÍNICAS,Atención de Enfermería
19806606,Hombre,1,2024,2023,610,64008,12534,Liceo Colegio Metodista Robert Johnson,Alto Hospicio,ELEAM HUERTO DE PAZ,1107,"CLÍNICAS PSIQUIATRICAS, CENTROS DE REHABILITACIÓN, ASILOS Y CLÍNICAS DE REPOSO",Atención de Enfermería
19999544,Hombre,1,2024,2023,610,64008,12534,Liceo Colegio Metodista Robert Johnson,Alto Hospicio,DIALISIS PAUL HARRIS,1101,ESTABLECIMIENTOS MÉDICOS DE ATENCIÓN AMBULATORIA (CENTROS MÉDICOS),Atención de Enfermería
20675195,Mujer,1,2024,2023,610,64008,12534,Liceo Colegio Metodista Robert Johnson,Alto Hospicio,CLINICA TARAPACÁ,1101,HOSPITALES Y CLÍNICAS,Atención de Enfermería
20980675,Mujer,1,2024,2023,610,64008,12534,Liceo Colegio Metodista Robert Johnson,Alto Hospicio,CESFAM PEDRO PULGAR,1107,ESTABLECIMIENTOS MÉDICOS DE ATENCIÓN AMBULATORIA (CENTROS MÉDICOS),Atención de Enfermería
22408107,Mujer,1,2024,2023,610,64008,12534,Liceo Colegio Metodista Robert Johnson,Alto Hospicio,CLINICA TARAPACÁ,1101,HOSPITALES Y CLÍNICAS,Atención de Enfermería
23648947,Mujer,1,2024,2023,610,64008,12534,Liceo Colegio Metodista Robert Johnson,Alto Hospicio,CENTRO DIALISIS PAUL HARRIS,1101,ESTABLECIMIENTOS MÉDICOS DE ATENCIÓN AMBULATORIA (CENTROS MÉDICOS),Atención de Enfermería
23914235,Mujer,1,2024,2023,610,64008,12534,Liceo Colegio Metodista Robert Johnson,Alto Hospicio,DIALISIS PAUL HARRIS,1101,ESTABLECIMIENTOS MÉDICOS DE ATENCIÓN AMBULATORIA (CENTROS MÉDICOS),Atención de Enfermería
24308742,Hombre,1,2024,2023,610,64008,12534,Liceo Colegio Metodista Robert Johnson,Alto Hospicio,ELEAM HUERTO DE PAZ,1107,"CLÍNICAS PSIQUIATRICAS, CENTROS DE REHABILITACIÓN, ASILOS Y CLÍNICAS DE REPOSO",Atención de Enfermería
25578178,Mujer,1,2024,2023,610,64008,12534,Liceo Colegio Metodista Robert Johnson,Alto Hospicio,CENTRO MEDICO SALUD,1107,LABORATORIOS CLÍNICOS INCLUYE BANCOS DE SANGRE,Atención de Enfermería
26264840,Mujer,1,2024,2023,610,64008,12534,Liceo Colegio Metodista Robert Johnson,Alto Hospicio,ELEAM HUERTO DE PAZ,1107,"CLÍNICAS PSIQUIATRICAS, CENTROS DE REHABILITACIÓN, ASILOS Y CLÍNICAS DE REPOSO",Atención de Enfermería
27418068,Mujer,1,2024,2023,610,64008,12534,Liceo Colegio Metodista Robert Johnson,Alto Hospicio,CLINICA TARAPACÁ,1101,HOSPITALES Y CLÍNICAS,Atención de Enfermería
1681506,Hombre,1,2024,2023,410,41005,12602,Escuela Básica y Parvularia Kronos School,Alto Hospicio,MECAPRES,1107,MANTENIMIENTO Y REPARACIÓN DE VEHÍCULOS AUTOMOTORES,Administración
2790201,Hombre,1,2024,2023,410,41005,12602,Escuela Básica y Parvularia Kronos School,Alto Hospicio,MUNICIPALIDAD DE ALTO HOSPICIO,1107,MUNICIPALIDADES,Administración
4408446,Mujer,1,2024,2023,410,41005,12602,Escuela Básica y Parvularia Kronos School,Alto Hospicio,COLEGIO MONTE CARMELO,1107,ESTABLECIMIENTOS DE ENSEÑANZA PRIMARIA,Administración
5478531,Hombre,1,2024,2023,410,41005,12602,Escuela Básica y Parvularia Kronos School,Alto Hospicio,SODIMAC,1107,VENTA AL POR MENOR DE ARTÍCULOS ELECTRODOMÉSTICOS Y ELECTRÓNICOS PARA EL HOGAR,Administración
7262769,Mujer,1,2024,2023,410,41005,12602,Escuela Básica y Parvularia Kronos School,Alto Hospicio,BUSES HUALPEN,1107,TRANSPORTE INTERURBANO DE PASAJEROS VÍA AUTOBUS,Administración
7896283,Mujer,1,2024,2023,410,41005,12602,Escuela Básica y Parvularia Kronos School,Alto Hospicio,KOMATSU,1107,REPARACIÓN OTROS TIPOS DE MAQUINARIA Y EQUIPOS DE USO GENERAL,Administración
13535781,Mujer,1,2024,2023,410,41005,12602,Escuela Básica y Parvularia Kronos School,Alto Hospicio,GILDEMEISTER,1101,VENTA O COMPRAVENTA AL POR MENOR DE VEHÍCULOS AUTOMOTORES NUEVOS O USADOS EXCEPTO MOTOCICLETAS,Administración
13949348,Hombre,1,2024,2023,410,41005,12602,Escuela Básica y Parvularia Kronos School,Alto Hospicio,COMERCIAL CONOTECH,1101,CONSTRUCCIÓN DE EDIFICIOS COMPLETOS O DE PARTES DE EDIFICIOS,Administración
14215414,Mujer,2,2024,2023,463,41001,12602,Escuela Básica y Parvularia Kronos School,Alto Hospicio,COLEGIO KRONOS SCHOOL,1107,ESTABLECIMIENTOS DE ENSEÑANZA SECUNDARIA DE FORMACIÓN TÉCNICA Y PROFESIONAL,Administración
15455266,Mujer,1,2024,2023,410,41005,12602,Escuela Básica y Parvularia Kronos School,Alto Hospicio,COLEGIO METODISTA ROBERT JOHNSON,1107,ESTABLECIMIENTOS DE ENSEÑANZA SECUNDARIA DE FORMACIÓN TÉCNICA Y PROFESIONAL,Administración
16828764,Mujer,1,2024,2023,410,41005,12602,Escuela Básica y Parvularia Kronos School,Alto Hospicio,INSESA,1107,"REPARACIÓN DE MAQUINARIA PARA LA EXPLOTACIÓN DE PETRÓLEO, MINAS, CANTERAS, Y OBRAS DE CONSTRUCCIÓN",Administración
17760151,Mujer,1,2024,2023,410,41005,12602,Escuela Básica y Parvularia Kronos School,Alto Hospicio,JUNJI,1101,ESTABLECIMIENTOS DE ENSEÑANZA PREESCOLAR,Administración
20951490,Mujer,1,2024,2023,410,41005,12602,Escuela Básica y Parvularia Kronos School,Alto Hospicio,CENTRO MEDICO ALTO HOSPICIO,1107,SERVICIOS DE MÉDICOS EN FORMA INDEPENDIENTE,Administración
22011518,Mujer,1,2024,2023,410,41005,12602,Escuela Básica y Parvularia Kronos School,Alto Hospicio,CENTRO MEDICO ALTO HOSPICIO,1107,SERVICIOS DE MÉDICOS EN FORMA INDEPENDIENTE,Administración
23232845,Hombre,1,2024,2023,410,41005,12602,Escuela Básica y Parvularia Kronos School,Alto Hospicio,MUNICIPALIDAD DE ALTO HOSPICIO,1107,MUNICIPALIDADES,Administración
24597012,Mujer,1,2024,2023,410,41005,12602,Escuela Básica y Parvularia Kronos School,Alto Hospicio,BUSES HUALPEN,1107,TRANSPORTE INTERURBANO DE PASAJEROS VÍA AUTOBUS,Administración
25474210,Mujer,1,2024,2023,410,41005,12602,Escuela Básica y Parvularia Kronos School,Alto Hospicio,SODIMAC,1107,VENTA AL POR MENOR DE ARTÍCULOS ELECTRODOMÉSTICOS Y ELECTRÓNICOS PARA EL HOGAR,Administración
25710194,Hombre,1,2024,2023,410,41005,12602,Escuela Básica y Parvularia Kronos School,Alto Hospicio,NORTRANS,1107,TRANSPORTE INTERURBANO DE PASAJEROS VÍA AUTOBUS,Administración
26458605,Mujer,1,2024,2023,410,41005,12602,Escuela Básica y Parvularia Kronos School,Alto Hospicio,KOMATSU,1107,REPARACIÓN OTROS TIPOS DE MAQUINARIA Y EQUIPOS DE USO GENERAL,Administración
26547219,Mujer,1,2024,2023,410,41005,12602,Escuela Básica y Parvularia Kronos School,Alto Hospicio,ANDRADE,1107,VENTA AL POR MENOR DE ARTÍCULOS DE FERRETERÍA Y MATERIALES DE CONSTRUCCIÓN,Administración
26576657,Hombre,1,2024,2023,410,41005,12602,Escuela Básica y Parvularia Kronos School,Alto Hospicio,JUNJI,1101,ESTABLECIMIENTOS DE ENSEÑANZA PREESCOLAR,Administración
26925166,Hombre,1,2024,2023,410,41005,12602,Escuela Básica y Parvularia Kronos School,Alto Hospicio,MECAPRES,1107,MANTENIMIENTO Y REPARACIÓN DE VEHÍCULOS AUTOMOTORES,Administración
26929552,Mujer,2,2024,2023,410,41005,12602,Escuela Básica y Parvularia Kronos School,Alto Hospicio,SODIMAC,1107,VENTA AL POR MENOR DE ARTÍCULOS ELECTRODOMÉSTICOS Y ELECTRÓNICOS PARA EL HOGAR,Administración
26944364,Hombre,1,2024,2023,410,41005,12602,Escuela Básica y Parvularia Kronos School,Alto Hospicio,ITASHI,1107,RESTAURANTES,Administración
27200418,Mujer,2,2024,2023,410,41005,12602,Escuela Básica y Parvularia Kronos School,Alto Hospicio,NORTRANS,1101,TRANSPORTE INTERURBANO DE PASAJEROS VÍA AUTOBUS,Administración
27200418,Mujer,1,2024,2023,410,41005,12602,Escuela Básica y Parvularia Kronos School,Alto Hospicio,NORTRANS,1101,TRANSPORTE INTERURBANO DE PASAJEROS VÍA AUTOBUS,Administración
27221355,Hombre,1,2024,2023,410,41005,12602,Escuela Básica y Parvularia Kronos School,Alto Hospicio,COMERCIAL CONOTECH,1101,CONSTRUCCIÓN DE EDIFICIOS COMPLETOS O DE PARTES DE EDIFICIOS,Administración
27419352,Mujer,1,2024,2023,410,41005,12602,Escuela Básica y Parvularia Kronos School,Alto Hospicio,C2 CONSULTORES,1107,ACTIVIDADES DE ORGANIZACIONES EMPRESARIALES Y DE EMPLEADORES,Administración
27569104,Mujer,2,2024,2023,410,41005,12602,Escuela Básica y Parvularia Kronos School,Alto Hospicio,JUNJI,1101,ESTABLECIMIENTOS DE ENSEÑANZA PREESCOLAR,Administración
27569104,Mujer,2,2024,2023,410,41005,12602,Escuela Básica y Parvularia Kronos School,Alto Hospicio,JUNJI,1101,ESTABLECIMIENTOS DE ENSEÑANZA PREESCOLAR,Administración
27569104,Mujer,1,2024,2023,410,41005,12602,Escuela Básica y Parvularia Kronos School,Alto Hospicio,JUNJI,1101,ESTABLECIMIENTOS DE ENSEÑANZA PREESCOLAR,Administración
27585115,Mujer,1,2024,2023,410,41005,12602,Escuela Básica y Parvularia Kronos School,Alto Hospicio,AGRO ALTO HOSPICIO,1107,COMERCIO AL POR MENOR DE VERDURAS Y FRUTAS (VERDULERÍA),Administración
27591305,Hombre,1,2024,2023,410,41005,12602,Escuela Básica y Parvularia Kronos School,Alto Hospicio,BUSES HUALPEN,1107,TRANSPORTE INTERURBANO DE PASAJEROS VÍA AUTOBUS,Administración
27620407,Mujer,1,2024,2023,410,41005,12602,Escuela Básica y Parvularia Kronos School,Alto Hospicio,ALL MACHINE,1107,"MANTENIMIENTO Y REPARACIÓN DE MAQUINARIA DE OFICINA, CONTABILIDAD E INFORMÁTICA",Administración
27831865,Mujer,1,2024,2023,410,41005,12602,Escuela Básica y Parvularia Kronos School,Alto Hospicio,COLEGIO METODISTA ROBERT JOHNSON,1107,ESTABLECIMIENTOS DE ENSEÑANZA SECUNDARIA DE FORMACIÓN TÉCNICA Y PROFESIONAL,Administración
955604,Mujer,1,2024,2023,610,64008,40422,Colegio Nirvana,Alto Hospicio,ELEAM NUEVO AMANECER,1107,"CLÍNICAS PSIQUIATRICAS, CENTROS DE REHABILITACIÓN, ASILOS Y CLÍNICAS DE REPOSO",Atención de Enfermería
4631539,Mujer,1,2024,2023,610,64008,40422,Colegio Nirvana,Alto Hospicio,CESFAM ALTO HOSPICIO,1107,ESTABLECIMIENTOS MÉDICOS DE ATENCIÓN AMBULATORIA (CENTROS MÉDICOS),Atención de Enfermería
6345783,Mujer,1,2024,2021,610,64008,40422,Colegio Nirvana,Alto Hospicio,CLINICA ADHARA,1101,HOSPITALES Y CLÍNICAS,Atención de Enfermería
6808431,Mujer,1,2024,2023,610,64008,40422,Colegio Nirvana,Alto Hospicio,ELEAM BELLO HORIZONTE,1101,"CLÍNICAS PSIQUIATRICAS, CENTROS DE REHABILITACIÓN, ASILOS Y CLÍNICAS DE REPOSO",Atención de Enfermería
8271229,Mujer,1,2024,2023,610,64008,40422,Colegio Nirvana,Alto Hospicio,ELEAM BELLO HORIZONTE,1101,"CLÍNICAS PSIQUIATRICAS, CENTROS DE REHABILITACIÓN, ASILOS Y CLÍNICAS DE REPOSO",Atención de Enfermería
8563009,Mujer,1,2024,2023,610,64008,40422,Colegio Nirvana,Alto Hospicio,ELEAM BELLO HORIZONTE,1101,"CLÍNICAS PSIQUIATRICAS, CENTROS DE REHABILITACIÓN, ASILOS Y CLÍNICAS DE REPOSO",Atención de Enfermería
10868203,Mujer,1,2024,2023,610,64008,40422,Colegio Nirvana,Alto Hospicio,ELEAM BELLO HORIZONTE,1101,"CLÍNICAS PSIQUIATRICAS, CENTROS DE REHABILITACIÓN, ASILOS Y CLÍNICAS DE REPOSO",Atención de Enfermería
10953190,Mujer,1,2024,2023,610,64008,40422,Colegio Nirvana,Alto Hospicio,ELEAM HUERTO DE PAZ,1107,"CLÍNICAS PSIQUIATRICAS, CENTROS DE REHABILITACIÓN, ASILOS Y CLÍNICAS DE REPOSO",Atención de Enfermería
11985198,Mujer,1,2024,2023,610,64008,40422,Colegio Nirvana,Alto Hospicio,DIALISIS ALTO HOSPICIO,1107,OTRAS ACTIVIDADES EMPRESARIALES RELACIONADAS CON LA SALUD HUMANA,Atención de Enfermería
12368831,Mujer,1,2024,2023,610,64008,40422,Colegio Nirvana,Alto Hospicio,ELEAM BELLO HORIZONTE,1101,"CLÍNICAS PSIQUIATRICAS, CENTROS DE REHABILITACIÓN, ASILOS Y CLÍNICAS DE REPOSO",Atención de Enfermería
13008862,Mujer,1,2024,2023,610,64008,40422,Colegio Nirvana,Alto Hospicio,DIALISIS ALTO HOSPICIO,1107,OTRAS ACTIVIDADES EMPRESARIALES RELACIONADAS CON LA SALUD HUMANA,Atención de Enfermería
13343554,Mujer,1,2024,2023,610,64008,40422,Colegio Nirvana,Alto Hospicio,ALTO SALUD,1107,OTRAS ACTIVIDADES EMPRESARIALES RELACIONADAS CON LA SALUD HUMANA,Atención de Enfermería
13393008,Mujer,1,2024,2023,610,64008,40422,Colegio Nirvana,Alto Hospicio,ELEAM BELLO HORIZONTE,1101,"CLÍNICAS PSIQUIATRICAS, CENTROS DE REHABILITACIÓN, ASILOS Y CLÍNICAS DE REPOSO",Atención de Enfermería
13991434,Hombre,1,2024,2023,610,64008,40422,Colegio Nirvana,Alto Hospicio,CLINICA DENTAL VICHUQUEN,2101,SERVICIOS DE ODONTÓLOGOS EN FORMA INDEPENDIENTE,Atención de Enfermería
15091916,Mujer,1,2024,2023,610,64008,40422,Colegio Nirvana,Alto Hospicio,CENTRO DE SALUD MACWEL,1101,OTRAS ACTIVIDADES EMPRESARIALES RELACIONADAS CON LA SALUD HUMANA,Atención de Enfermería
15251455,Hombre,1,2024,2023,610,64008,40422,Colegio Nirvana,Alto Hospicio,ELEAM BELLO HORIZONTE,1101,"CLÍNICAS PSIQUIATRICAS, CENTROS DE REHABILITACIÓN, ASILOS Y CLÍNICAS DE REPOSO",Atención de Enfermería
16677528,Mujer,1,2024,2023,610,64008,40422,Colegio Nirvana,Alto Hospicio,DIALISIS ALTO HOSPICIO,1107,OTRAS ACTIVIDADES EMPRESARIALES RELACIONADAS CON LA SALUD HUMANA,Atención de Enfermería
16850717,Mujer,1,2024,2023,610,64008,40422,Colegio Nirvana,Alto Hospicio,ELEAM HUERTO DE PAZ,1107,"CLÍNICAS PSIQUIATRICAS, CENTROS DE REHABILITACIÓN, ASILOS Y CLÍNICAS DE REPOSO",Atención de Enfermería
17070396,Mujer,1,2024,2023,610,64008,40422,Colegio Nirvana,Alto Hospicio,ELEAM HUERTO DE PAZ,1107,"CLÍNICAS PSIQUIATRICAS, CENTROS DE REHABILITACIÓN, ASILOS Y CLÍNICAS DE REPOSO",Atención de Enfermería
17729121,Hombre,1,2024,2023,610,64008,40422,Colegio Nirvana,Alto Hospicio,DIALISIS PAUL HARRIS,1101,OTRAS ACTIVIDADES EMPRESARIALES RELACIONADAS CON LA SALUD HUMANA,Atención de Enfermería
18228037,Mujer,1,2024,2023,610,64008,40422,Colegio Nirvana,Alto Hospicio,ELEAM HUERTO DE PAZ,1107,"CLÍNICAS PSIQUIATRICAS, CENTROS DE REHABILITACIÓN, ASILOS Y CLÍNICAS DE REPOSO",Atención de Enfermería
18698035,Mujer,1,2024,2023,610,64008,40422,Colegio Nirvana,Alto Hospicio,ELEAM BELLO HORIZONTE,1101,"CLÍNICAS PSIQUIATRICAS, CENTROS DE REHABILITACIÓN, ASILOS Y CLÍNICAS DE REPOSO",Atención de Enfermería
18752991,Hombre,1,2024,2023,610,64008,40422,Colegio Nirvana,Alto Hospicio,CESFAM ALTO HOSPICIO,1107,ESTABLECIMIENTOS MÉDICOS DE ATENCIÓN AMBULATORIA (CENTROS MÉDICOS),Atención de Enfermería
19870935,Mujer,1,2024,2023,610,64008,40422,Colegio Nirvana,Alto Hospicio,CESFAM ALTO HOSPICIO,1107,ESTABLECIMIENTOS MÉDICOS DE ATENCIÓN AMBULATORIA (CENTROS MÉDICOS),Atención de Enfermería
20494456,Hombre,1,2024,2023,610,64008,40422,Colegio Nirvana,Alto Hospicio,CENTRO RADIOLOGICO NORTE GRANDE,1101,LABORATORIOS CLÍNICOS INCLUYE BANCOS DE SANGRE,Atención de Enfermería
20791697,Mujer,1,2024,2023,610,64008,40422,Colegio Nirvana,Alto Hospicio,ELEAM NUEVO AMANECER,1107,"CLÍNICAS PSIQUIATRICAS, CENTROS DE REHABILITACIÓN, ASILOS Y CLÍNICAS DE REPOSO",Atención de Enfermería
21065735,Mujer,1,2024,2023,610,64008,40422,Colegio Nirvana,Alto Hospicio,CENTRO RADIOLOGICO NORTE GRANDE,1101,LABORATORIOS CLÍNICOS INCLUYE BANCOS DE SANGRE,Atención de Enfermería
21553803,Mujer,1,2024,2023,610,64008,40422,Colegio Nirvana,Alto Hospicio,CESFAM ALTO HOSPICIO,1107,ESTABLECIMIENTOS MÉDICOS DE ATENCIÓN AMBULATORIA (CENTROS MÉDICOS),Atención de Enfermería
24448106,Mujer,1,2024,2023,610,64008,40422,Colegio Nirvana,Alto Hospicio,CENTRO DE SALUD MACWEL,1101,OTRAS ACTIVIDADES EMPRESARIALES RELACIONADAS CON LA SALUD HUMANA,Atención de Enfermería
25562511,Hombre,1,2024,2023,610,64008,40422,Colegio Nirvana,Alto Hospicio,CENTRO MEDICO ALTO SALUD,1107,OTRAS ACTIVIDADES EMPRESARIALES RELACIONADAS CON LA SALUD HUMANA,Atención de Enfermería
26459168,Mujer,1,2024,2023,610,64008,40422,Colegio Nirvana,Alto Hospicio,ELEAM NUEVO AMANECER,1101,"CLÍNICAS PSIQUIATRICAS, CENTROS DE REHABILITACIÓN, ASILOS Y CLÍNICAS DE REPOSO",Atención de Enfermería
26540554,Mujer,1,2024,2023,610,64008,40422,Colegio Nirvana,Alto Hospicio,ELEAM BELLO HORIZONTE,1101,"CLÍNICAS PSIQUIATRICAS, CENTROS DE REHABILITACIÓN, ASILOS Y CLÍNICAS DE REPOSO",Atención de Enfermería
26620794,Mujer,1,2024,2023,610,64008,40422,Colegio Nirvana,Alto Hospicio,CENTRO MEDICO ALTO SALUD,1107,OTRAS ACTIVIDADES EMPRESARIALES RELACIONADAS CON LA SALUD HUMANA,Atención de Enfermería
27140142,Mujer,1,2024,2023,610,64008,40422,Colegio Nirvana,Alto Hospicio,ELEAM NUEVO AMANECER,1107,"CLÍNICAS PSIQUIATRICAS, CENTROS DE REHABILITACIÓN, ASILOS Y CLÍNICAS DE REPOSO",Atención de Enfermería
229039,Mujer,1,2025,2024,410,41005,191,Liceo Alcalde Sergio González Gutiérrez,Pozo Almonte,SERCOTEC CENTRO DE NEGOCIOS TAMARUGAL,1401,ASESORÍAS EN LA GESTIÓN DE LA COMPRA O VENTA DE PEQUENAS Y MEDIANAS EMPRESAS,Administración
687941,Hombre,1,2025,2024,410,41005,191,Liceo Alcalde Sergio González Gutiérrez,Pozo Almonte,EMPRESA SCM CORPORACION DESARROLLO DEL NORTE,1401,EXTRACCIÓN DE NITRATOS Y YODO,Administración
2035767,Mujer,1,2025,2024,410,41005,191,Liceo Alcalde Sergio González Gutiérrez,Pozo Almonte,ILUSTRE MUNICIPALIDAD DE POZO ALMONTE,1401,MUNICIPALIDADES,Administración
2559246,Hombre,1,2025,2024,410,41005,191,Liceo Alcalde Sergio González Gutiérrez,Pozo Almonte,CORPORACION MUNICIPAL DE DESARROLLO SOCIAL,1401,MUNICIPALIDADES,Administración
2651437,Hombre,1,2025,2024,410,41005,191,Liceo Alcalde Sergio González Gutiérrez,Pozo Almonte,ILUSTRE MUNICIPALIDAD DE POZO ALMONTE,1401,MUNICIPALIDADES,Administración
3326330,Mujer,1,2025,2024,410,41005,191,Liceo Alcalde Sergio González Gutiérrez,Pozo Almonte,EMPRESA TERMONORT LTDA,1401,"OBRAS MENORES EN CONSTRUCCIÓN (CONTRATISTAS, ALBANILES, CARPINTEROS)",Administración
3660907,Hombre,1,2025,2024,410,41005,191,Liceo Alcalde Sergio González Gutiérrez,Pozo Almonte,EMPRESA MOLINA Y FERROVIAL,1401,TRANSPORTE DE CARGA POR CARRETERA,Administración
3685169,Mujer,1,2025,2024,410,41005,191,Liceo Alcalde Sergio González Gutiérrez,Pozo Almonte,EMPRESA FAMAE,1401,FABRICACIÓN DE OTROS PRODUCTOS MINERALES NO METÁLICOS N.C.P,Administración
3704319,Hombre,1,2025,2024,410,41005,191,Liceo Alcalde Sergio González Gutiérrez,Pozo Almonte,EMPRESA SCM CORPORACION DESARROLLO DEL NORTE,1401,EXTRACCIÓN DE NITRATOS Y YODO,Administración
3715537,Mujer,1,2025,2024,410,41005,191,Liceo Alcalde Sergio González Gutiérrez,Pozo Almonte,ILUSTRE MUNICIPALIDAD DE POZO ALMONTE,1401,MUNICIPALIDADES,Administración
3928969,Mujer,1,2025,2024,410,41005,191,Liceo Alcalde Sergio González Gutiérrez,Pozo Almonte,CORPORACION EDUCATIVA SUMA ARU,1107,ESTABLECIMIENTOS DE ENSEÑANZA PREESCOLAR,Administración
4564806,Mujer,1,2025,2024,410,41005,191,Liceo Alcalde Sergio González Gutiérrez,Pozo Almonte,EMPRESA TRANSPORTE ILZAUSPE,1401,TRANSPORTE DE CARGA POR CARRETERA,Administración
4592681,Mujer,1,2025,2024,410,41005,191,Liceo Alcalde Sergio González Gutiérrez,Pozo Almonte,EMPRESA TERMONORT LTDA,1401,"OBRAS MENORES EN CONSTRUCCIÓN (CONTRATISTAS, ALBANILES, CARPINTEROS)",Administración
5024107,Hombre,1,2025,2024,410,41005,191,Liceo Alcalde Sergio González Gutiérrez,Pozo Almonte,ILUSTRE MUNICIPALIDAD DE POZO ALMONTE,1401,MUNICIPALIDADES,Administración
5962840,Hombre,1,2025,2024,410,41005,191,Liceo Alcalde Sergio González Gutiérrez,Pozo Almonte,CORPORACION MUNICIPAL DE DESARROLLO SOCIAL,1401,MUNICIPALIDADES,Administración
6468081,Mujer,1,2025,2024,410,41005,191,Liceo Alcalde Sergio González Gutiérrez,Pozo Almonte,EMPRESA COSAYACH,1401,EXTRACCIÓN DE NITRATOS Y YODO,Administración
6673146,Mujer,1,2025,2024,410,41005,191,Liceo Alcalde Sergio González Gutiérrez,Pozo Almonte,NOTARIA POZO ALMONTE,1401,SERVICIO NOTARIAL,Administración
7192900,Mujer,1,2025,2024,410,41005,191,Liceo Alcalde Sergio González Gutiérrez,Pozo Almonte,NOTARIA POZO ALMONTE,1401,SERVICIO NOTARIAL,Administración
8247292,Hombre,1,2025,2024,410,41005,191,Liceo Alcalde Sergio González Gutiérrez,Pozo Almonte,ILUSTRE MUNICIPALIDAD DE POZO ALMONTE,1401,MUNICIPALIDADES,Administración
9015911,Hombre,1,2025,2024,410,41005,191,Liceo Alcalde Sergio González Gutiérrez,Pozo Almonte,EMPRESA COSAYACH,1401,EXTRACCIÓN DE NITRATOS Y YODO,Administración
9271693,Mujer,1,2025,2024,410,41005,191,Liceo Alcalde Sergio González Gutiérrez,Pozo Almonte,EMPRESA CONSTRUCTORA Y MOVIMIENTO DE TIERRA CRISOL,1401,TRANSPORTE DE CARGA POR CARRETERA,Administración
10725649,Mujer,1,2025,2024,410,41005,191,Liceo Alcalde Sergio González Gutiérrez,Pozo Almonte,ILUSTRE MUNICIPALIDAD DE POZO ALMONTE,1401,MUNICIPALIDADES,Administración
11068525,Hombre,1,2025,2024,410,41005,191,Liceo Alcalde Sergio González Gutiérrez,Pozo Almonte,EMPRESA SCM CORPORACION DESARROLLO DEL NORTE,1401,EXPLOTACIÓN DE OTRAS MINAS Y CANTERAS N.C.P.,Administración
11645736,Mujer,1,2025,2024,410,41005,191,Liceo Alcalde Sergio González Gutiérrez,Pozo Almonte,EMPRESA TRANSPORTE ILZAUSPE,1401,"VENTA DE PARTES, PIEZAS Y ACCESORIOS DE VEHÍCULOS AUTOMOTORES",Administración
11930078,Mujer,1,2025,2024,410,41005,191,Liceo Alcalde Sergio González Gutiérrez,Pozo Almonte,CORPORACION MUNICIPAL DE DESARROLLO SOCIAL,1401,MUNICIPALIDADES,Administración
11948323,Hombre,1,2025,2024,410,41005,191,Liceo Alcalde Sergio González Gutiérrez,Pozo Almonte,EMPRESA SCM CORPORACION DESARROLLO DEL NORTE,1401,EXTRACCIÓN DE NITRATOS Y YODO,Administración
12002057,Mujer,1,2025,2024,410,41005,191,Liceo Alcalde Sergio González Gutiérrez,Pozo Almonte,EMPRESA TRANSPORTE ILZAUSPE,1401,"VENTA DE PARTES, PIEZAS Y ACCESORIOS DE VEHÍCULOS AUTOMOTORES",Administración
12395014,Mujer,1,2025,2024,410,41005,191,Liceo Alcalde Sergio González Gutiérrez,Pozo Almonte,CORPORACION MUNICIPAL DE DESARROLLO SOCIAL,1401,MUNICIPALIDADES,Administración
13280232,Mujer,1,2025,2024,410,41005,191,Liceo Alcalde Sergio González Gutiérrez,Pozo Almonte,EMPRESA FAMAE,1401,FABRICACIÓN DE OTROS PRODUCTOS MINERALES NO METÁLICOS N.C.P,Administración
13550405,Mujer,1,2025,2024,410,41005,191,Liceo Alcalde Sergio González Gutiérrez,Pozo Almonte,EMPRESA INCOMAQ SPA,1401,OBRAS DE INGENIERÍA,Administración
13554090,Mujer,1,2025,2024,410,41005,191,Liceo Alcalde Sergio González Gutiérrez,Pozo Almonte,EMPRESA FAMAE,1401,FABRICACIÓN DE OTROS PRODUCTOS MINERALES NO METÁLICOS N.C.P,Administración
14081523,Mujer,1,2025,2024,410,41005,191,Liceo Alcalde Sergio González Gutiérrez,Pozo Almonte,EMPRESA MINETEC,1401,EXPLOTACIÓN DE OTRAS MINAS Y CANTERAS N.C.P.,Administración
14306938,Mujer,1,2025,2024,410,41005,191,Liceo Alcalde Sergio González Gutiérrez,Pozo Almonte,SERCOTEC CENTRO DE NEGOCIOS TAMARUGAL,1401,ASESORÍAS EN LA GESTIÓN DE LA COMPRA O VENTA DE PEQUENAS Y MEDIANAS EMPRESAS,Administración
14333142,Mujer,1,2025,2023,410,41005,191,Liceo Alcalde Sergio González Gutiérrez,Pozo Almonte,EMPRESA AGRICOLA PAMPA CONCORDIA LTDA,1401,OTROS SERVICIOS AGRÍCOLAS N.C.P.,Administración
14691084,Hombre,1,2025,2024,410,41005,191,Liceo Alcalde Sergio González Gutiérrez,Pozo Almonte,EMPRESA SCM CORPORACION DESARROLLO DEL NORTE,1401,EXTRACCIÓN DE NITRATOS Y YODO,Administración
14748614,Hombre,1,2025,2024,410,41005,191,Liceo Alcalde Sergio González Gutiérrez,Pozo Almonte,EMPRESA SCM CORPORACION DESARROLLO DEL NORTE,1401,EXPLOTACIÓN DE OTRAS MINAS Y CANTERAS N.C.P.,Administración
14756737,Mujer,1,2025,2024,410,41005,191,Liceo Alcalde Sergio González Gutiérrez,Pozo Almonte,EMPRESA MOLINA Y FERROVIAL,1401,TRANSPORTE DE CARGA POR CARRETERA,Administración
15104309,Hombre,1,2025,2024,410,41005,191,Liceo Alcalde Sergio González Gutiérrez,Pozo Almonte,ILUSTRE MUNICIPALIDAD DE POZO ALMONTE,1401,MUNICIPALIDADES,Administración
15366835,Mujer,1,2025,2024,410,41005,191,Liceo Alcalde Sergio González Gutiérrez,Pozo Almonte,EMPRESA VALNICO LTDA,1401,SERVICIOS DE ARQUITECTURA Y TÉCNICO RELACIONADO,Administración
15519760,Mujer,1,2025,2024,410,41005,191,Liceo Alcalde Sergio González Gutiérrez,Pozo Almonte,EMPRESA ESMERO CORTES ROJAS,1401,OBRAS DE INGENIERÍA,Administración
16507583,Hombre,1,2025,2024,410,41005,191,Liceo Alcalde Sergio González Gutiérrez,Pozo Almonte,EMPRESA FAMAE,1401,FABRICACIÓN DE OTROS PRODUCTOS MINERALES NO METÁLICOS N.C.P,Administración
16806110,Mujer,1,2025,2024,410,41005,191,Liceo Alcalde Sergio González Gutiérrez,Pozo Almonte,SERCOTEC CENTRO DE NEGOCIOS TAMARUGAL,1401,ASESORÍAS EN LA GESTIÓN DE LA COMPRA O VENTA DE PEQUENAS Y MEDIANAS EMPRESAS,Administración
16990913,Mujer,1,2025,2024,410,41005,191,Liceo Alcalde Sergio González Gutiérrez,Pozo Almonte,EMPRESA CONSTRUCTORA Y MOVIMIENTO DE TIERRA CRISOL,1401,TRANSPORTE DE CARGA POR CARRETERA,Administración
17511879,Mujer,1,2025,2024,410,41005,191,Liceo Alcalde Sergio González Gutiérrez,Pozo Almonte,EMPRESA SQM INDUSTRIAL SA,1401,EXTRACCIÓN DE NITRATOS Y YODO,Administración
17802687,Hombre,1,2025,2024,410,41005,191,Liceo Alcalde Sergio González Gutiérrez,Pozo Almonte,EMPRESA TERMONORT LTDA,1401,"OBRAS MENORES EN CONSTRUCCIÓN (CONTRATISTAS, ALBANILES, CARPINTEROS)",Administración
17974597,Hombre,1,2025,2024,410,41005,191,Liceo Alcalde Sergio González Gutiérrez,Pozo Almonte,ILUSTRE MUNICIPALIDAD DE POZO ALMONTE,1401,MUNICIPALIDADES,Administración
18261368,Mujer,1,2025,2024,410,41005,191,Liceo Alcalde Sergio González Gutiérrez,Pozo Almonte,EMPRESA ESMERO CORTES ROJAS,1401,OBRAS DE INGENIERÍA,Administración
18411963,Mujer,1,2025,2024,410,41005,191,Liceo Alcalde Sergio González Gutiérrez,Pozo Almonte,EMPRESA FAMAE,1401,FABRICACIÓN DE OTROS PRODUCTOS MINERALES NO METÁLICOS N.C.P,Administración
20392457,Mujer,1,2025,2024,410,41005,191,Liceo Alcalde Sergio González Gutiérrez,Pozo Almonte,EMPRESA ESMERO CORTES ROJAS,1401,OBRAS DE INGENIERÍA,Administración
20574515,Mujer,1,2025,2024,410,41005,191,Liceo Alcalde Sergio González Gutiérrez,Pozo Almonte,ILUSTRE MUNICIPALIDAD DE POZO ALMONTE,1401,MUNICIPALIDADES,Administración
20781029,Mujer,1,2025,2024,410,41005,191,Liceo Alcalde Sergio González Gutiérrez,Pozo Almonte,EMPRESA CONSTRUCTORA Y MOVIMIENTO DE TIERRA CRISOL,1401,TRANSPORTE DE CARGA POR CARRETERA,Administración
21388394,Hombre,1,2025,2024,410,41005,191,Liceo Alcalde Sergio González Gutiérrez,Pozo Almonte,CORPORACION MUNICIPAL DE DESARROLLO SOCIAL,1401,MUNICIPALIDADES,Administración
21395948,Mujer,1,2025,2024,410,41005,191,Liceo Alcalde Sergio González Gutiérrez,Pozo Almonte,EMPRESA SQM INDUSTRIAL SA,1401,EXTRACCIÓN DE NITRATOS Y YODO,Administración
21744187,Hombre,1,2025,2024,410,41005,191,Liceo Alcalde Sergio González Gutiérrez,Pozo Almonte,CORPORACION MUNICIPAL DE DESARROLLO SOCIAL,1401,MUNICIPALIDADES,Administración
21801483,Mujer,1,2025,2024,410,41005,191,Liceo Alcalde Sergio González Gutiérrez,Pozo Almonte,EMPRESA VALNICO LTDA,1401,SERVICIOS DE ARQUITECTURA Y TÉCNICO RELACIONADO,Administración
22177925,Mujer,1,2025,2024,410,41005,191,Liceo Alcalde Sergio González Gutiérrez,Pozo Almonte,SERCOTEC CENTRO DE NEGOCIOS TAMARUGAL,1401,ASESORÍAS EN LA GESTIÓN DE LA COMPRA O VENTA DE PEQUENAS Y MEDIANAS EMPRESAS,Administración
22275700,Hombre,1,2025,2024,410,41005,191,Liceo Alcalde Sergio González Gutiérrez,Pozo Almonte,EMPRESA FAMAE,1401,FABRICACIÓN DE OTROS PRODUCTOS MINERALES NO METÁLICOS N.C.P,Administración
22636798,Mujer,1,2025,2024,410,41005,191,Liceo Alcalde Sergio González Gutiérrez,Pozo Almonte,EMPRESA TRANSPORTE ILZAUSPE,1401,"VENTA DE PARTES, PIEZAS Y ACCESORIOS DE VEHÍCULOS AUTOMOTORES",Administración
22696551,Hombre,1,2025,2024,410,41005,191,Liceo Alcalde Sergio González Gutiérrez,Pozo Almonte,EMPRESA SCM CORPORACION DESARROLLO DEL NORTE,1401,EXTRACCIÓN DE NITRATOS Y YODO,Administración
24282857,Hombre,1,2025,2024,410,41005,191,Liceo Alcalde Sergio González Gutiérrez,Pozo Almonte,CORPORACION MUNICIPAL DE DESARROLLO SOCIAL,1401,MUNICIPALIDADES,Administración
24701730,Mujer,1,2025,2024,410,41005,191,Liceo Alcalde Sergio González Gutiérrez,Pozo Almonte,ILUSTRE MUNICIPALIDAD DE PICA,1405,MUNICIPALIDADES,Administración
25139726,Mujer,1,2025,2024,410,41005,191,Liceo Alcalde Sergio González Gutiérrez,Pozo Almonte,EMPRESA MOLINA Y FERROVIAL,1401,TRANSPORTE DE CARGA POR CARRETERA,Administración
25457366,Mujer,1,2025,2024,410,41005,191,Liceo Alcalde Sergio González Gutiérrez,Pozo Almonte,SERCOTEC CENTRO DE NEGOCIOS DEL TAMARUGAL,1401,ASESORÍAS EN LA GESTIÓN DE LA COMPRA O VENTA DE PEQUENAS Y MEDIANAS EMPRESAS,Administración
25467121,Mujer,1,2025,2024,410,41005,191,Liceo Alcalde Sergio González Gutiérrez,Pozo Almonte,EMPRESA SCM CORPORACION DESARROLLO DEL NORTE,1401,EXTRACCIÓN DE NITRATOS Y YODO,Administración
26247111,Mujer,1,2025,2024,410,41005,191,Liceo Alcalde Sergio González Gutiérrez,Pozo Almonte,EMPRESA TRANSPORTE ILZAUSPE,1401,"VENTA DE PARTES, PIEZAS Y ACCESORIOS DE VEHÍCULOS AUTOMOTORES",Administración
26257655,Mujer,1,2025,2024,410,41005,191,Liceo Alcalde Sergio González Gutiérrez,Pozo Almonte,ILUSTRE MUNICIPALIDAD DE POZO ALMONTE,1401,MUNICIPALIDADES,Administración
26376177,Hombre,1,2025,2024,410,41005,191,Liceo Alcalde Sergio González Gutiérrez,Pozo Almonte,EMPRESA VALNICO LTDA,1401,SERVICIOS DE ARQUITECTURA Y TÉCNICO RELACIONADO,Administración
26462782,Mujer,1,2025,2024,410,41005,191,Liceo Alcalde Sergio González Gutiérrez,Pozo Almonte,ILUSTRE MUNICIPALIDAD DE POZO ALMONTE,1401,MUNICIPALIDADES,Administración
26463351,Hombre,1,2025,2024,410,41005,191,Liceo Alcalde Sergio González Gutiérrez,Pozo Almonte,EMPRESA VALNICO LTDA,1401,SERVICIOS DE ARQUITECTURA Y TÉCNICO RELACIONADO,Administración
27716793,Mujer,1,2025,2024,410,41005,191,Liceo Alcalde Sergio González Gutiérrez,Pozo Almonte,EMPRESA SERVITRANS,1401,TRANSPORTE DE CARGA POR CARRETERA,Administración
27834260,Mujer,1,2025,2024,410,41005,191,Liceo Alcalde Sergio González Gutiérrez,Pozo Almonte,EMPRESA SQM INDUSTRIAL SA,1401,EXTRACCIÓN DE NITRATOS Y YODO,Administración
27864498,Hombre,1,2025,2024,410,41005,191,Liceo Alcalde Sergio González Gutiérrez,Pozo Almonte,NOTARIA POZO ALMONTE,1401,SERVICIO NOTARIAL,Administración
27864699,Hombre,2,2025,2024,410,41005,191,Liceo Alcalde Sergio González Gutiérrez,Pozo Almonte,ILUSTRE MUNICIPALIDAD DE POZO ALMONTE,1401,MUNICIPALIDADES,Administración
27864699,Hombre,1,2025,2024,410,41005,191,Liceo Alcalde Sergio González Gutiérrez,Pozo Almonte,MUNICIPALIDAD DE POZO ALMONTE,1401,MUNICIPALIDADES,Administración
27888519,Hombre,2,2025,2024,410,41005,191,Liceo Alcalde Sergio González Gutiérrez,Pozo Almonte,ILUSTRE MUNICIPALIDAD DE POZO ALMONTE,1401,MUNICIPALIDADES,Administración
27888519,Hombre,1,2025,2024,410,41005,191,Liceo Alcalde Sergio González Gutiérrez,Pozo Almonte,ILUSTRE MUNICIPALIDAD DE POZO ALMONTE,1401,MUNICIPALIDADES,Administración
230075,Hombre,1,2025,2024,610,64008,12534,Liceo Colegio Metodista Robert Johnson,Alto Hospicio,CECOSF LA TORTUGA,1107,ESTABLECIMIENTOS MÉDICOS DE ATENCIÓN AMBULATORIA (CENTROS MÉDICOS),Atención de Enfermería
605075,Mujer,1,2025,2024,610,64008,12534,Liceo Colegio Metodista Robert Johnson,Alto Hospicio,ELEAM HUERTO DE PAZ,1107,"CLÍNICAS PSIQUIATRICAS, CENTROS DE REHABILITACIÓN, ASILOS Y CLÍNICAS DE REPOSO",Atención de Enfermería
782860,Mujer,1,2025,2024,610,64008,12534,Liceo Colegio Metodista Robert Johnson,Alto Hospicio,CENTRO MÉDICO INTEGRAL PROCUR,1107,ESTABLECIMIENTOS MÉDICOS DE ATENCIÓN AMBULATORIA (CENTROS MÉDICOS),Atención de Enfermería
1776010,Mujer,1,2025,2024,610,64008,12534,Liceo Colegio Metodista Robert Johnson,Alto Hospicio,CLINICA TARAPACÁ,1101,HOSPITALES Y CLÍNICAS,Atención de Enfermería
1836060,Hombre,1,2025,2024,610,64008,12534,Liceo Colegio Metodista Robert Johnson,Alto Hospicio,CECOSF EL BORO,1107,ESTABLECIMIENTOS MÉDICOS DE ATENCIÓN AMBULATORIA (CENTROS MÉDICOS),Atención de Enfermería
2261104,Mujer,1,2025,2024,610,64008,12534,Liceo Colegio Metodista Robert Johnson,Alto Hospicio,CLINICA TARAPACÁ,1101,HOSPITALES Y CLÍNICAS,Atención de Enfermería
4115801,Mujer,1,2025,2024,610,64008,12534,Liceo Colegio Metodista Robert Johnson,Alto Hospicio,CLÍNICA TARAPACÁ (INTERCLÍNICA),1101,HOSPITALES Y CLÍNICAS,Atención de Enfermería
5035990,Mujer,1,2025,2024,610,64008,12534,Liceo Colegio Metodista Robert Johnson,Alto Hospicio,CESFAM PEDRO PULGAR,1107,ESTABLECIMIENTOS MÉDICOS DE ATENCIÓN AMBULATORIA (CENTROS MÉDICOS),Atención de Enfermería
5215168,Mujer,1,2025,2024,610,64008,12534,Liceo Colegio Metodista Robert Johnson,Alto Hospicio,DIÁLISIS ALTO HOSPICIO,1107,SERVICIOS DE MÉDICOS EN FORMA INDEPENDIENTE,Atención de Enfermería
5675318,Mujer,1,2025,2024,610,64008,12534,Liceo Colegio Metodista Robert Johnson,Alto Hospicio,CENTRO HEMODIALISIS MEDICEN,1101,SERVICIOS DE MÉDICOS EN FORMA INDEPENDIENTE,Atención de Enfermería
6719424,Hombre,1,2025,2024,610,64008,12534,Liceo Colegio Metodista Robert Johnson,Alto Hospicio,ELEAM HUERTO DE PAZ,1107,"CLÍNICAS PSIQUIATRICAS, CENTROS DE REHABILITACIÓN, ASILOS Y CLÍNICAS DE REPOSO",Atención de Enfermería
11158039,Mujer,1,2025,2024,610,64008,12534,Liceo Colegio Metodista Robert Johnson,Alto Hospicio,ELEAM HUERTO DE PAZ,1107,"CLÍNICAS PSIQUIATRICAS, CENTROS DE REHABILITACIÓN, ASILOS Y CLÍNICAS DE REPOSO",Atención de Enfermería
11231373,Mujer,1,2025,2024,610,64008,12534,Liceo Colegio Metodista Robert Johnson,Alto Hospicio,ELEAM HUERTO DE PAZ,1107,"CLÍNICAS PSIQUIATRICAS, CENTROS DE REHABILITACIÓN, ASILOS Y CLÍNICAS DE REPOSO",Atención de Enfermería
11423631,Mujer,1,2025,2024,610,64008,12534,Liceo Colegio Metodista Robert Johnson,Alto Hospicio,CESFAM LA TORTUGA,1107,ESTABLECIMIENTOS MÉDICOS DE ATENCIÓN AMBULATORIA (CENTROS MÉDICOS),Atención de Enfermería
12001502,Mujer,1,2025,2024,610,64008,12534,Liceo Colegio Metodista Robert Johnson,Alto Hospicio,DIÁLISIS ALTO HOSPICIO,1107,ESTABLECIMIENTOS MÉDICOS DE ATENCIÓN AMBULATORIA (CENTROS MÉDICOS),Atención de Enfermería
13050316,Mujer,1,2025,2024,610,64008,12534,Liceo Colegio Metodista Robert Johnson,Alto Hospicio,CLÍNICA TARAPACÁ (INTERCLÍNICA),1101,HOSPITALES Y CLÍNICAS,Atención de Enfermería
13618323,Mujer,1,2025,2024,610,64008,12534,Liceo Colegio Metodista Robert Johnson,Alto Hospicio,ELEAM HUERTO DE PAZ,1107,"CLÍNICAS PSIQUIATRICAS, CENTROS DE REHABILITACIÓN, ASILOS Y CLÍNICAS DE REPOSO",Atención de Enfermería
16134445,Mujer,1,2025,2024,610,64008,12534,Liceo Colegio Metodista Robert Johnson,Alto Hospicio,ELEAM HUERTO DE PAZ,1107,"CLÍNICAS PSIQUIATRICAS, CENTROS DE REHABILITACIÓN, ASILOS Y CLÍNICAS DE REPOSO",Atención de Enfermería
16552504,Hombre,1,2025,2024,610,64008,12534,Liceo Colegio Metodista Robert Johnson,Alto Hospicio,CLÍNICA TARAPACÁ (INTERCLÍNICA),1101,HOSPITALES Y CLÍNICAS,Atención de Enfermería
19070089,Mujer,1,2025,2024,610,64008,12534,Liceo Colegio Metodista Robert Johnson,Alto Hospicio,ELEAM HUERTO DE PAZ,1107,"CLÍNICAS PSIQUIATRICAS, CENTROS DE REHABILITACIÓN, ASILOS Y CLÍNICAS DE REPOSO",Atención de Enfermería
19202767,Mujer,1,2025,2024,610,64008,12534,Liceo Colegio Metodista Robert Johnson,Alto Hospicio,INTERCLÍNICA,1101,HOSPITALES Y CLÍNICAS,Atención de Enfermería
19832093,Mujer,1,2025,2022,610,64008,12534,Liceo Colegio Metodista Robert Johnson,Alto Hospicio,CENTRO MÉDICO INTEGRAL PROCUR,1107,ESTABLECIMIENTOS MÉDICOS DE ATENCIÓN AMBULATORIA (CENTROS MÉDICOS),Atención de Enfermería
19836293,Hombre,1,2025,2024,610,64008,12534,Liceo Colegio Metodista Robert Johnson,Alto Hospicio,ELEAM HUERTO DE PAZ,1107,"CLÍNICAS PSIQUIATRICAS, CENTROS DE REHABILITACIÓN, ASILOS Y CLÍNICAS DE REPOSO",Atención de Enfermería
19937042,Mujer,1,2025,2024,610,64008,12534,Liceo Colegio Metodista Robert Johnson,Alto Hospicio,CORPORACIÓN PAUL HARRIS,1101,ESTABLECIMIENTOS MÉDICOS DE ATENCIÓN AMBULATORIA (CENTROS MÉDICOS),Atención de Enfermería
20993163,Mujer,1,2025,2024,610,64008,12534,Liceo Colegio Metodista Robert Johnson,Alto Hospicio,CLÍNICA TARAPACÁ,1101,HOSPITALES Y CLÍNICAS,Atención de Enfermería
21785453,Mujer,1,2025,2024,610,64008,12534,Liceo Colegio Metodista Robert Johnson,Alto Hospicio,CLINICA TARAPACÁ,1101,HOSPITALES Y CLÍNICAS,Atención de Enfermería
23548755,Hombre,1,2025,2024,610,64008,12534,Liceo Colegio Metodista Robert Johnson,Alto Hospicio,CENTRO DE DIÁLISIS PAUL HARRIS,1101,ESTABLECIMIENTOS MÉDICOS DE ATENCIÓN AMBULATORIA (CENTROS MÉDICOS),Atención de Enfermería
23638374,Hombre,1,2025,2024,610,64008,12534,Liceo Colegio Metodista Robert Johnson,Alto Hospicio,DIÁLISIS ALTO HOSPICIO,1107,ESTABLECIMIENTOS MÉDICOS DE ATENCIÓN AMBULATORIA (CENTROS MÉDICOS),Atención de Enfermería
23932381,Mujer,1,2025,2024,610,64008,12534,Liceo Colegio Metodista Robert Johnson,Alto Hospicio,CLÍNICA TARAPACÁ,1101,HOSPITALES Y CLÍNICAS,Atención de Enfermería
23987279,Mujer,1,2025,2024,610,64008,12534,Liceo Colegio Metodista Robert Johnson,Alto Hospicio,LABORATORIO CLÍNICO BAESCO,1101,LABORATORIOS CLÍNICOS INCLUYE BANCOS DE SANGRE,Atención de Enfermería
24034841,Mujer,1,2025,2024,610,64008,12534,Liceo Colegio Metodista Robert Johnson,Alto Hospicio,ELEAM HUERTO DE PAZ,1107,"CLÍNICAS PSIQUIATRICAS, CENTROS DE REHABILITACIÓN, ASILOS Y CLÍNICAS DE REPOSO",Atención de Enfermería
25134134,Hombre,1,2025,2024,610,64008,12534,Liceo Colegio Metodista Robert Johnson,Alto Hospicio,CLINICA TARAPACÁ,1101,HOSPITALES Y CLÍNICAS,Atención de Enfermería
26135069,Mujer,1,2025,2024,610,64008,12534,Liceo Colegio Metodista Robert Johnson,Alto Hospicio,CLINICA TARAPACÁ,1101,HOSPITALES Y CLÍNICAS,Atención de Enfermería
26241356,Hombre,1,2025,2024,610,64008,12534,Liceo Colegio Metodista Robert Johnson,Alto Hospicio,CLÍNICA TARAPACÁ,1101,HOSPITALES Y CLÍNICAS,Atención de Enfermería
27423704,Mujer,1,2025,2024,610,64008,12534,Liceo Colegio Metodista Robert Johnson,Alto Hospicio,ELEAM HUERTO DE PAZ,1107,"CLÍNICAS PSIQUIATRICAS, CENTROS DE REHABILITACIÓN, ASILOS Y CLÍNICAS DE REPOSO",Atención de Enfermería
27424472,Mujer,1,2025,2024,610,64008,12534,Liceo Colegio Metodista Robert Johnson,Alto Hospicio,ELEAM HUERTO DE PAZ,1107,"CLÍNICAS PSIQUIATRICAS, CENTROS DE REHABILITACIÓN, ASILOS Y CLÍNICAS DE REPOSO",Atención de Enfermería
986551,Mujer,1,2025,2024,410,41005,12602,Escuela Básica y Parvularia Kronos School,Alto Hospicio,SOCIEDAD COMERCIAL MOVILCHIP,1107,SERVICIOS DE TELEFONÍA MÓVIL,Administración
4398750,Mujer,1,2025,2024,410,41005,12602,Escuela Básica y Parvularia Kronos School,Alto Hospicio,SOCIEDAD COMERCIAL MOVIL CHIP,1107,VENTA AL POR MAYOR DE OTROS PRODUCTOS N.C.P.,Administración
11715789,Hombre,1,2025,2024,410,41005,12602,Escuela Básica y Parvularia Kronos School,Alto Hospicio,COLEGIO FRANCISCO FORGIONE,1101,ESTABLECIMIENTOS DE ENSEÑANZA PRIMARIA,Administración
13350602,Hombre,1,2025,2024,410,41005,12602,Escuela Básica y Parvularia Kronos School,Alto Hospicio,AUTOMALL HOSPICIO INTERNACIONAL SPA,1107,VENTA O COMPRAVENTA AL POR MENOR DE VEHÍCULOS AUTOMOTORES NUEVOS O USADOS EXCEPTO MOTOCICLETAS,Administración
17929543,Mujer,1,2025,2024,410,41005,12602,Escuela Básica y Parvularia Kronos School,Alto Hospicio,SOCIEDAD COMERCIAL MOVILCHIP,1107,SERVICIOS DE TELEFONÍA MÓVIL,Administración
19858543,Hombre,1,2025,2024,410,41005,12602,Escuela Básica y Parvularia Kronos School,Alto Hospicio,SERVICIO DE MECÁNICA INTEGRAL MAXIMET SPA,1101,MANTENIMIENTO Y REPARACIÓN DE VEHÍCULOS AUTOMOTORES,Administración
21618730,Hombre,1,2025,2024,410,41005,12602,Escuela Básica y Parvularia Kronos School,Alto Hospicio,MUNICIPALIDAD DE ALTO HOSPICIO,1107,MUNICIPALIDADES,Administración
21812643,Mujer,1,2025,2024,410,41005,12602,Escuela Básica y Parvularia Kronos School,Alto Hospicio,INVERSIONES SOLA SPA,1107,MANTENIMIENTO Y REPARACIÓN DE VEHÍCULOS AUTOMOTORES,Administración
22628307,Mujer,1,2025,2023,410,41005,12602,Escuela Básica y Parvularia Kronos School,Alto Hospicio,BUSES HUALPEN,1107,TRANSPORTE INTERURBANO DE PASAJEROS VÍA AUTOBUS,Administración
22638676,Mujer,1,2025,2024,410,41005,12602,Escuela Básica y Parvularia Kronos School,Alto Hospicio,LICEO BICENTENARIO KRONOS,1107,ESTABLECIMIENTOS DE ENSEÑANZA SECUNDARIA DE FORMACIÓN TÉCNICA Y PROFESIONAL,Administración
24562844,Hombre,1,2025,2024,410,41005,12602,Escuela Básica y Parvularia Kronos School,Alto Hospicio,SERVICIO DE MECÁNICA INTEGRAL,1101,MANTENIMIENTO Y REPARACIÓN DE VEHÍCULOS AUTOMOTORES,Administración
25129395,Mujer,1,2025,2024,410,41005,12602,Escuela Básica y Parvularia Kronos School,Alto Hospicio,INSESA,1107,REPARACIÓN OTROS TIPOS DE MAQUINARIA Y EQUIPOS DE USO GENERAL,Administración
25474885,Mujer,1,2025,2024,410,41005,12602,Escuela Básica y Parvularia Kronos School,Alto Hospicio,COLEGIO NIRVANA,1107,ESTABLECIMIENTOS DE ENSEÑANZA SECUNDARIA DE FORMACIÓN TÉCNICA Y PROFESIONAL,Administración
26245992,Mujer,1,2025,2024,410,41005,12602,Escuela Básica y Parvularia Kronos School,Alto Hospicio,COLEGIO ROBERT JOHNSON,1107,ESTABLECIMIENTOS DE ENSEÑANZA SECUNDARIA DE FORMACIÓN TÉCNICA Y PROFESIONAL,Administración
26943336,Mujer,1,2025,2024,410,41005,12602,Escuela Básica y Parvularia Kronos School,Alto Hospicio,FUNDACIÓN EDUCACIONAL DE LA IMECH,1107,ESTABLECIMIENTOS DE ENSEÑANZA SECUNDARIA DE FORMACIÓN TÉCNICA Y PROFESIONAL,Administración
27151493,Hombre,1,2025,2024,410,41005,12602,Escuela Básica y Parvularia Kronos School,Alto Hospicio,MECAPRES,1107,"REPARACIÓN DE MOTORES, GENERADORES Y TRANSFORMADORES ELÉCTRICOS",Administración
27414268,Mujer,1,2025,2024,410,41005,12602,Escuela Básica y Parvularia Kronos School,Alto Hospicio,COLEGIO MONTE CARMELO,1107,ESTABLECIMIENTOS DE ENSEÑANZA PRIMARIA,Administración
27634422,Mujer,1,2025,2024,410,41005,12602,Escuela Básica y Parvularia Kronos School,Alto Hospicio,C2 CONSULTORES SPA,1101,ASESORES Y CONSULTORES EN INFORMÁTICA (SOFTWARE),Administración
27743120,Mujer,1,2025,2024,410,41005,12602,Escuela Básica y Parvularia Kronos School,Alto Hospicio,LICEO BICENTENARIO KRONOS,1107,ESTABLECIMIENTOS DE ENSEÑANZA SECUNDARIA DE FORMACIÓN TÉCNICA Y PROFESIONAL,Administración
27839423,Mujer,1,2025,2024,410,41005,12602,Escuela Básica y Parvularia Kronos School,Alto Hospicio,COLEGIO MONTE CARMELO,1107,ESTABLECIMIENTOS DE ENSEÑANZA PRIMARIA,Administración
27846246,Mujer,1,2025,2024,410,41005,12602,Escuela Básica y Parvularia Kronos School,Alto Hospicio,BUSES HUALPEN LTDA,1107,TRANSPORTE INTERURBANO DE PASAJEROS VÍA AUTOBUS,Administración
27887540,Hombre,1,2025,2024,410,41005,12602,Escuela Básica y Parvularia Kronos School,Alto Hospicio,COMERCIAL CONOTECH SPA,1101,OBRAS DE INGENIERÍA,Administración
27887718,Hombre,1,2025,2024,410,41005,12602,Escuela Básica y Parvularia Kronos School,Alto Hospicio,COMERCIAL CONOTECH SPA,1101,OBRAS DE INGENIERÍA,Administración
27889228,Hombre,1,2025,2024,410,41005,12602,Escuela Básica y Parvularia Kronos School,Alto Hospicio,COMERCIAL CONOTECH SPA,1101,OBRAS DE INGENIERÍA,Administración
27899714,Hombre,2,2025,2024,410,41005,12602,Escuela Básica y Parvularia Kronos School,Alto Hospicio,BUSES HUALPEN LTDA,1107,TRANSPORTE INTERURBANO DE PASAJEROS VÍA AUTOBUS,Administración
27899714,Hombre,1,2025,2024,410,41005,12602,Escuela Básica y Parvularia Kronos School,Alto Hospicio,BUSES HUALPEN,1107,TRANSPORTE INTERURBANO DE PASAJEROS VÍA AUTOBUS,Administración
27899721,Mujer,2,2025,2024,410,41005,12602,Escuela Básica y Parvularia Kronos School,Alto Hospicio,MOVILCHIP LTDA,1107,SERVICIOS DE TELEFONÍA MÓVIL,Administración
27899721,Mujer,1,2025,2024,410,41005,12602,Escuela Básica y Parvularia Kronos School,Alto Hospicio,MOVILCHIP LTDA,1107,SERVICIOS DE TELEFONÍA MÓVIL,Administración
27899948,Mujer,1,2025,2024,410,41005,12602,Escuela Básica y Parvularia Kronos School,Alto Hospicio,AUTOMALL HOSPICIO INTERNACIONAL SPA,1107,VENTA O COMPRAVENTA AL POR MENOR DE VEHÍCULOS AUTOMOTORES NUEVOS O USADOS EXCEPTO MOTOCICLETAS,Administración
27901962,Mujer,1,2025,2024,410,41005,12602,Escuela Básica y Parvularia Kronos School,Alto Hospicio,MECAPRES,1107,"REPARACIÓN DE MOTORES, GENERADORES Y TRANSFORMADORES ELÉCTRICOS",Administración
977329,Mujer,1,2025,2024,610,64008,40422,Colegio Nirvana,Alto Hospicio,DIALISIS ALTO HOSPICIO,1107,ESTABLECIMIENTOS MÉDICOS DE ATENCIÓN AMBULATORIA (CENTROS MÉDICOS),Atención de Enfermería
1848261,Mujer,1,2025,2024,610,64008,40422,Colegio Nirvana,Alto Hospicio,ELEAM BELLO HORIZONTE,1101,"CLÍNICAS PSIQUIATRICAS, CENTROS DE REHABILITACIÓN, ASILOS Y CLÍNICAS DE REPOSO",Atención de Enfermería
2153366,Mujer,1,2025,2024,610,64008,40422,Colegio Nirvana,Alto Hospicio,CESFAM ALTO HOSPICIO,1107,ESTABLECIMIENTOS MÉDICOS DE ATENCIÓN AMBULATORIA (CENTROS MÉDICOS),Atención de Enfermería
2201754,Hombre,1,2025,2024,610,64008,40422,Colegio Nirvana,Alto Hospicio,CENTRO MEDICO JENNER,1101,"CLÍNICAS PSIQUIATRICAS, CENTROS DE REHABILITACIÓN, ASILOS Y CLÍNICAS DE REPOSO",Atención de Enfermería
4901549,Mujer,1,2025,2024,610,64008,40422,Colegio Nirvana,Alto Hospicio,CESFAM ALTO HOSPICIO,1107,ESTABLECIMIENTOS MÉDICOS DE ATENCIÓN AMBULATORIA (CENTROS MÉDICOS),Atención de Enfermería
5486804,Mujer,1,2025,2024,610,64008,40422,Colegio Nirvana,Alto Hospicio,ELEAM BELLO HORIZONTE,1101,"CLÍNICAS PSIQUIATRICAS, CENTROS DE REHABILITACIÓN, ASILOS Y CLÍNICAS DE REPOSO",Atención de Enfermería
5515073,Mujer,1,2025,2024,610,64008,40422,Colegio Nirvana,Alto Hospicio,CENTRO RADIOLOGICO NORTE GRANDE,1101,OTRAS ACTIVIDADES EMPRESARIALES RELACIONADAS CON LA SALUD HUMANA,Atención de Enfermería
5943030,Mujer,1,2025,2024,610,64008,40422,Colegio Nirvana,Alto Hospicio,ELEAM BELLO HORIZONTE,1101,"CLÍNICAS PSIQUIATRICAS, CENTROS DE REHABILITACIÓN, ASILOS Y CLÍNICAS DE REPOSO",Atención de Enfermería
6369261,Mujer,1,2025,2024,610,64008,40422,Colegio Nirvana,Alto Hospicio,CLINICA DENTAL FAMIDENT,1101,CENTROS DE ATENCIÓN ODONTOLÓGICA,Atención de Enfermería
7874654,Hombre,1,2025,2024,610,64008,40422,Colegio Nirvana,Alto Hospicio,DIALISIS ALTO HOSPICIO,1107,ESTABLECIMIENTOS MÉDICOS DE ATENCIÓN AMBULATORIA (CENTROS MÉDICOS),Atención de Enfermería
8737521,Mujer,1,2025,2024,610,64008,40422,Colegio Nirvana,Alto Hospicio,CENTRO MEDICO MACWEL,1101,SERVICIOS DE MÉDICOS EN FORMA INDEPENDIENTE,Atención de Enfermería
10466040,Mujer,1,2025,2024,610,64008,40422,Colegio Nirvana,Alto Hospicio,CLINICA DENTAL FAMIDENT,1101,CENTROS DE ATENCIÓN ODONTOLÓGICA,Atención de Enfermería
10569656,Mujer,1,2025,2024,610,64008,40422,Colegio Nirvana,Alto Hospicio,ELEAM BELLO HORIZONTE,1101,"CLÍNICAS PSIQUIATRICAS, CENTROS DE REHABILITACIÓN, ASILOS Y CLÍNICAS DE REPOSO",Atención de Enfermería
11154720,Hombre,1,2025,2024,610,64008,40422,Colegio Nirvana,Alto Hospicio,CLINICA DENTAL FAMIDENT,1101,CENTROS DE ATENCIÓN ODONTOLÓGICA,Atención de Enfermería
12734692,Mujer,1,2025,2024,610,64008,40422,Colegio Nirvana,Alto Hospicio,CLINICA DENTAL FAMIDENT,1101,CENTROS DE ATENCIÓN ODONTOLÓGICA,Atención de Enfermería
13133314,Mujer,1,2025,2024,610,64008,40422,Colegio Nirvana,Alto Hospicio,CENTRO MEDICO BEAUTY & HEALTH,1101,"CLÍNICAS PSIQUIATRICAS, CENTROS DE REHABILITACIÓN, ASILOS Y CLÍNICAS DE REPOSO",Atención de Enfermería
13134978,Hombre,1,2025,2024,610,64008,40422,Colegio Nirvana,Alto Hospicio,CESFAM ALTO HOSPICIO,1107,"CLÍNICAS PSIQUIATRICAS, CENTROS DE REHABILITACIÓN, ASILOS Y CLÍNICAS DE REPOSO",Atención de Enfermería
13589552,Hombre,1,2025,2024,610,64008,40422,Colegio Nirvana,Alto Hospicio,ELEAM BELLO HORIZONTE,1101,"CLÍNICAS PSIQUIATRICAS, CENTROS DE REHABILITACIÓN, ASILOS Y CLÍNICAS DE REPOSO",Atención de Enfermería
14595758,Mujer,1,2025,2024,610,64008,40422,Colegio Nirvana,Alto Hospicio,CENTRO RADIOLOGICO NORTE GRANDE,1101,ESTABLECIMIENTOS MÉDICOS DE ATENCIÓN AMBULATORIA (CENTROS MÉDICOS),Atención de Enfermería
15971695,Mujer,1,2025,2024,610,64008,40422,Colegio Nirvana,Alto Hospicio,ELEAM BELLO HORIZONTE,1101,"CLÍNICAS PSIQUIATRICAS, CENTROS DE REHABILITACIÓN, ASILOS Y CLÍNICAS DE REPOSO",Atención de Enfermería
16842685,Mujer,1,2025,2024,610,64008,40422,Colegio Nirvana,Alto Hospicio,CLINICA HM DENTAL,1107,CENTROS DE ATENCIÓN ODONTOLÓGICA,Atención de Enfermería
17247985,Mujer,1,2025,2024,610,64008,40422,Colegio Nirvana,Alto Hospicio,CENTRO RADIOLOGICO NORTE GRANDE,1101,OTRAS ACTIVIDADES EMPRESARIALES RELACIONADAS CON LA SALUD HUMANA,Atención de Enfermería
19355481,Hombre,1,2025,2024,610,64008,40422,Colegio Nirvana,Alto Hospicio,CLINICA HM DENTAL,1107,CENTROS DE ATENCIÓN ODONTOLÓGICA,Atención de Enfermería
19538604,Mujer,1,2025,2024,610,64008,40422,Colegio Nirvana,Alto Hospicio,DIALISIS ALTO HOSPICIO,1107,ESTABLECIMIENTOS MÉDICOS DE ATENCIÓN AMBULATORIA (CENTROS MÉDICOS),Atención de Enfermería
20819781,Hombre,1,2025,2024,610,64008,40422,Colegio Nirvana,Alto Hospicio,ELEAM BELLO HORIZONTE,1101,"CLÍNICAS PSIQUIATRICAS, CENTROS DE REHABILITACIÓN, ASILOS Y CLÍNICAS DE REPOSO",Atención de Enfermería
21208828,Hombre,1,2025,2024,610,64008,40422,Colegio Nirvana,Alto Hospicio,CENTRO MEDICO BEAUTY & HEALTH,1101,ESTABLECIMIENTOS MÉDICOS DE ATENCIÓN AMBULATORIA (CENTROS MÉDICOS),Atención de Enfermería
21960053,Mujer,1,2025,2024,610,64008,40422,Colegio Nirvana,Alto Hospicio,CESFAM ALTO HOSPICIO,1107,ESTABLECIMIENTOS MÉDICOS DE ATENCIÓN AMBULATORIA (CENTROS MÉDICOS),Atención de Enfermería
23433680,Mujer,1,2025,2024,610,64008,40422,Colegio Nirvana,Alto Hospicio,ELEAM BELLO HORIZONTE,1101,"CLÍNICAS PSIQUIATRICAS, CENTROS DE REHABILITACIÓN, ASILOS Y CLÍNICAS DE REPOSO",Atención de Enfermería
23620992,Mujer,1,2025,2024,610,64008,40422,Colegio Nirvana,Alto Hospicio,ELEAM BELLO HORIZONTE,1101,"CLÍNICAS PSIQUIATRICAS, CENTROS DE REHABILITACIÓN, ASILOS Y CLÍNICAS DE REPOSO",Atención de Enfermería
25381668,Mujer,1,2025,2024,610,64008,40422,Colegio Nirvana,Alto Hospicio,ELEAM BELLO HORIZONTE,1101,"CLÍNICAS PSIQUIATRICAS, CENTROS DE REHABILITACIÓN, ASILOS Y CLÍNICAS DE REPOSO",Atención de Enfermería
25715621,Mujer,1,2025,2024,610,64008,40422,Colegio Nirvana,Alto Hospicio,CENTRO MEDICO MACWEL,1101,ESTABLECIMIENTOS MÉDICOS DE ATENCIÓN AMBULATORIA (CENTROS MÉDICOS),Atención de Enfermería
26534259,Mujer,1,2025,2024,610,64008,40422,Colegio Nirvana,Alto Hospicio,CONSULTA DENTAL MARCOS LAY,1101,SERVICIOS DE ODONTÓLOGOS EN FORMA INDEPENDIENTE,Atención de Enfermería
27133813,Mujer,1,2025,2024,610,64008,40422,Colegio Nirvana,Alto Hospicio,ELEAM BELLO HORIZONTE,1101,"CLÍNICAS PSIQUIATRICAS, CENTROS DE REHABILITACIÓN, ASILOS Y CLÍNICAS DE REPOSO",Atención de Enfermería
27410680,Hombre,1,2025,2024,610,64008,40422,Colegio Nirvana,Alto Hospicio,CENTRO RADIOLOGICO NORTE GRANDE,1101,OTRAS ACTIVIDADES EMPRESARIALES RELACIONADAS CON LA SALUD HUMANA,Atención de Enfermería
